file	format	type	num_seqs	sum_len	min_len	avg_len	max_len
ALA-Al003-3991431.FASTQ.gz	FASTQ	DNA	1528097	95020155	15	62.2	126
ALA-Al272-3991284.FASTQ.gz	FASTQ	DNA	1500452	95372494	15	63.6	126
ALA-Al274-3991285.FASTQ.gz	FASTQ	DNA	1352586	85763535	15	63.4	124
ALA-Al275-3991286.FASTQ.gz	FASTQ	DNA	1490395	86866618	15	58.3	124
ALA-Al277-3991287.FASTQ.gz	FASTQ	DNA	1377899	85069573	15	61.7	124
ALA-Al278-3991288.FASTQ.gz	FASTQ	DNA	1376417	88004000	15	63.9	124
ALA-Al279-3991289.FASTQ.gz	FASTQ	DNA	1484727	85714070	15	57.7	124
ALA-Al280-3991290.FASTQ.gz	FASTQ	DNA	1498013	86958447	15	58.0	124
ALA-Al281-3991291.FASTQ.gz	FASTQ	DNA	1510134	90544087	15	60.0	125
ALA-Al282-3991292.FASTQ.gz	FASTQ	DNA	1453282	86069752	15	59.2	125
ALA-Al283-3991293.FASTQ.gz	FASTQ	DNA	1343630	83351406	15	62.0	126
ALA-Al285-3991294.FASTQ.gz	FASTQ	DNA	1481820	89587830	15	60.5	124
ALA-Al286-3991295.FASTQ.gz	FASTQ	DNA	1618814	92682838	15	57.3	124
ALA-Al287-3991296.FASTQ.gz	FASTQ	DNA	1440874	85397799	15	59.3	126
ALA-Al288-3991297.FASTQ.gz	FASTQ	DNA	1422535	82545616	15	58.0	124
ALA-Al290-3991298.FASTQ.gz	FASTQ	DNA	1492293	93138410	15	62.4	124
ALA-Al291-3991299.FASTQ.gz	FASTQ	DNA	1638930	89772926	15	54.8	125
ALA-Al292-3991300.FASTQ.gz	FASTQ	DNA	1582358	94794913	15	59.9	124
ALA-Al293-3991301.FASTQ.gz	FASTQ	DNA	1640676	87516079	15	53.3	125
ALA-Al295-3991302.FASTQ.gz	FASTQ	DNA	1577949	89241102	15	56.6	124
ALA-Al296-3991303.FASTQ.gz	FASTQ	DNA	1523613	87938040	15	57.7	124
ALA-Al297-3991304.FASTQ.gz	FASTQ	DNA	1635012	92412405	15	56.5	126
ALA-Al299-3991305.FASTQ.gz	FASTQ	DNA	1409703	88594005	15	62.8	126
ALA-Al300-3991306.FASTQ.gz	FASTQ	DNA	1622763	80197080	15	49.4	124
ALA-Al301-3991307.FASTQ.gz	FASTQ	DNA	1439250	90785880	15	63.1	124
ALA-Al302-3991308.FASTQ.gz	FASTQ	DNA	1508427	86592346	15	57.4	125
ALA-Al303-3991309.FASTQ.gz	FASTQ	DNA	1526385	92658553	15	60.7	126
ALA-Al304-3991310.FASTQ.gz	FASTQ	DNA	1503893	85570251	15	56.9	126
ALA-Al305-3991311.FASTQ.gz	FASTQ	DNA	1582291	88651699	15	56.0	128
ALA-Al306-3991312.FASTQ.gz	FASTQ	DNA	1412715	90488118	15	64.1	124
ALA-Al307-3991313.FASTQ.gz	FASTQ	DNA	1515198	91353714	15	60.3	124
ALA-Al308-3991314.FASTQ.gz	FASTQ	DNA	1458238	92316139	15	63.3	126
ALA-Al318-3991315.FASTQ.gz	FASTQ	DNA	1535547	85812164	15	55.9	124
ALA-Al319-3991316.FASTQ.gz	FASTQ	DNA	1586983	94131594	15	59.3	128
ALA-Al320-3991317.FASTQ.gz	FASTQ	DNA	1566286	92978811	15	59.4	126
ALA-Al321-3991414.FASTQ.gz	FASTQ	DNA	1594329	87710600	15	55.0	124
ALA-Al324-3991415.FASTQ.gz	FASTQ	DNA	1392742	91467839	15	65.7	124
ALA-Al325-3991416.FASTQ.gz	FASTQ	DNA	1708329	89645341	15	52.5	124
ALA-Al326-3991417.FASTQ.gz	FASTQ	DNA	1604942	90226495	15	56.2	124
ALA-Al327-3991418.FASTQ.gz	FASTQ	DNA	1541208	85581547	15	55.5	124
ALA-Al329-3991419.FASTQ.gz	FASTQ	DNA	1504874	85453863	15	56.8	124
ALA-Al331-3991420.FASTQ.gz	FASTQ	DNA	1397218	91068597	15	65.2	126
ALA-Al333-3991421.FASTQ.gz	FASTQ	DNA	1400304	90951370	15	65.0	126
ALA-Al336-3991422.FASTQ.gz	FASTQ	DNA	1529300	87681006	15	57.3	124
ALA-Al338-3991423.FASTQ.gz	FASTQ	DNA	1516993	88481047	15	58.3	124
ALA-Al342-3991424.FASTQ.gz	FASTQ	DNA	1683061	98387731	15	58.5	128
ALA-Al344-3991425.FASTQ.gz	FASTQ	DNA	1525180	92789895	15	60.8	127
ALA-Al346-3991426.FASTQ.gz	FASTQ	DNA	1577917	93238819	15	59.1	126
ALA-Al376-3991427.FASTQ.gz	FASTQ	DNA	1305157	84617157	15	64.8	124
ALA-Al377-3991428.FASTQ.gz	FASTQ	DNA	1679620	88159609	15	52.5	128
ALA-Al378-3991429.FASTQ.gz	FASTQ	DNA	1530545	89015923	15	58.2	124
ALA-Al379-3991430.FASTQ.gz	FASTQ	DNA	1602747	95526540	15	59.6	126
ALA-AL401-3991432.FASTQ.gz	FASTQ	DNA	1487777	92838445	15	62.4	126
ALA-AL402-3991433.FASTQ.gz	FASTQ	DNA	1469147	93628525	15	63.7	125
ALA-AL403-3991434.FASTQ.gz	FASTQ	DNA	1368121	88690813	15	64.8	125
ALA-AL404-3991435.FASTQ.gz	FASTQ	DNA	1309487	86374532	15	66.0	128
ALA-AL405-3991436.FASTQ.gz	FASTQ	DNA	1502182	85572321	15	57.0	124
ALA-AL406-3991437.FASTQ.gz	FASTQ	DNA	1377072	86815057	15	63.0	126
ALA-AL407-3991438.FASTQ.gz	FASTQ	DNA	1533610	92454416	15	60.3	126
ALA-AL408-3991439.FASTQ.gz	FASTQ	DNA	1415995	90070207	15	63.6	124
ALA-AL409-3991440.FASTQ.gz	FASTQ	DNA	1433078	93054166	15	64.9	128
ALA-AL410-3991441.FASTQ.gz	FASTQ	DNA	1444187	94984803	15	65.8	124
ALA-AL411-3991442.FASTQ.gz	FASTQ	DNA	1291368	86197458	15	66.7	124
ALA-AL412-3991443.FASTQ.gz	FASTQ	DNA	1454045	89690359	15	61.7	124
ALA-AL413-3991444.FASTQ.gz	FASTQ	DNA	1372684	90113186	15	65.6	126
ALA-AL414-3991445.FASTQ.gz	FASTQ	DNA	1411620	89680318	15	63.5	124
ALA-AL415-3991446.FASTQ.gz	FASTQ	DNA	1404049	93110623	15	66.3	126
ALA-AL416-3991447.FASTQ.gz	FASTQ	DNA	1171213	75379716	15	64.4	128
ALA-AL417-3991448.FASTQ.gz	FASTQ	DNA	1695500	97484190	15	57.5	124
ALA-AL418-3991449.FASTQ.gz	FASTQ	DNA	1530763	87104926	15	56.9	126
ALA-AL419-3991450.FASTQ.gz	FASTQ	DNA	1711641	90391659	15	52.8	128
ALA-AL420-3991451.FASTQ.gz	FASTQ	DNA	1500650	91034444	15	60.7	126
ALA-AL422-3991452.FASTQ.gz	FASTQ	DNA	1572095	91424730	15	58.2	128
ALA-AL423-3991453.FASTQ.gz	FASTQ	DNA	1506733	84913272	15	56.4	124
ALA-AL424-4013486.FASTQ.gz	FASTQ	DNA	2318855	133313292	15	57.5	125
ALA-AL425-3991454.FASTQ.gz	FASTQ	DNA	1564449	87141315	15	55.7	124
ALA-Al4-2562181.FASTQ.gz	FASTQ	DNA	1366188	188533944	138	138.0	138
ALA-AL426-3991455.FASTQ.gz	FASTQ	DNA	1424350	90608371	15	63.6	128
ALA-AL427-3991456.FASTQ.gz	FASTQ	DNA	1400330	86330095	15	61.6	124
ALA-AL429-3991457.FASTQ.gz	FASTQ	DNA	1583985	93514935	15	59.0	124
ALA-AL430-3991458.FASTQ.gz	FASTQ	DNA	1705696	96603666	15	56.6	128
ALA-AL431-3991459.FASTQ.gz	FASTQ	DNA	1464355	89089817	15	60.8	125
ALA-AL432-3991460.FASTQ.gz	FASTQ	DNA	1537799	90946518	15	59.1	126
ALA-AL433-3991461.FASTQ.gz	FASTQ	DNA	1417206	87760772	15	61.9	124
ALA-AL434-3991462.FASTQ.gz	FASTQ	DNA	1168041	68471622	15	58.6	124
ALA-AL435-3991463.FASTQ.gz	FASTQ	DNA	1580264	85644076	15	54.2	124
ALA-AL436-3991464.FASTQ.gz	FASTQ	DNA	1758962	91640455	15	52.1	128
ALA-AL437-3991465.FASTQ.gz	FASTQ	DNA	1797491	86767628	15	48.3	126
ALA-AL439-3991466.FASTQ.gz	FASTQ	DNA	1659793	84456391	15	50.9	124
ALA-AL440-3991467.FASTQ.gz	FASTQ	DNA	1537479	71910794	15	46.8	124
ALA-AL441-3991468.FASTQ.gz	FASTQ	DNA	1724463	87069688	15	50.5	126
ALA-AL442-3991469.FASTQ.gz	FASTQ	DNA	1476608	89249077	15	60.4	124
ALA-HybJ01-2892539.FASTQ.gz	FASTQ	DNA	1448723	199923774	138	138.0	138
ALA-HybJ03-2892503.FASTQ.gz	FASTQ	DNA	1458168	201227184	138	138.0	138
ALA-KLS0327-2892561.FASTQ.gz	FASTQ	DNA	1376652	189977976	138	138.0	138
ALA-KLS0339-2571096.FASTQ.gz	FASTQ	DNA	753062	103922556	138	138.0	138
ALA-KLS0564-R174540-2892378.FASTQ.gz	FASTQ	DNA	1436959	198300342	138	138.0	138
ALA-KLS0564-R174540-2892568.FASTQ.gz	FASTQ	DNA	908522	125376036	138	138.0	138
ALA-KLS0793-2892513.FASTQ.gz	FASTQ	DNA	1556315	214771470	138	138.0	138
ALA-KLS0796-2892514.FASTQ.gz	FASTQ	DNA	1579256	217937328	138	138.0	138
ALA-KLS0797-2892471.FASTQ.gz	FASTQ	DNA	1361080	187829040	138	138.0	138
ALA-KLS0857-2892463.FASTQ.gz	FASTQ	DNA	1415160	195292080	138	138.0	138
ALA-KLS0871-2892523.FASTQ.gz	FASTQ	DNA	1497578	206665764	138	138.0	138
ALA-KLS0872-2892526.FASTQ.gz	FASTQ	DNA	1407004	194166552	138	138.0	138
ALA-KLS1121-2892381.FASTQ.gz	FASTQ	DNA	1484952	204923376	138	138.0	138
ALA-KLS1121-2892571.FASTQ.gz	FASTQ	DNA	1099266	151698708	138	138.0	138
ALA-KLS1140-2892558.FASTQ.gz	FASTQ	DNA	1336014	184369932	138	138.0	138
ALA-KLS1161-2892441.FASTQ.gz	FASTQ	DNA	1360761	187785018	138	138.0	138
ALA-KLS1162-2892512.FASTQ.gz	FASTQ	DNA	1517706	209443428	138	138.0	138
ALA-KLS1163-2892427.FASTQ.gz	FASTQ	DNA	1474455	203474790	138	138.0	138
ALA-KLS1165-2892485.FASTQ.gz	FASTQ	DNA	1403104	193628352	138	138.0	138
ALA-KLS1165-2892580.FASTQ.gz	FASTQ	DNA	1203061	166022418	138	138.0	138
ALA-KLS1165-2894771.FASTQ.gz	FASTQ	DNA	1158478	159869964	138	138.0	138
ALA-KLS1166-2892541.FASTQ.gz	FASTQ	DNA	1390397	191874786	138	138.0	138
ALA-KLS1167-2892484.FASTQ.gz	FASTQ	DNA	1321949	182428962	138	138.0	138
ALA-KLS1167-2892579.FASTQ.gz	FASTQ	DNA	1250080	172511040	138	138.0	138
ALA-KLS1168-2892413.FASTQ.gz	FASTQ	DNA	1598087	220536006	138	138.0	138
ALA-KLS1169-2892448.FASTQ.gz	FASTQ	DNA	1414967	195265446	138	138.0	138
ALA-KLS1170-2892511.FASTQ.gz	FASTQ	DNA	1399095	193075110	138	138.0	138
ALA-KLS1205-3593357.FASTQ.gz	FASTQ	DNA	2258663	182587936	15	80.8	126
ALA-KLS1205-3593429.FASTQ.gz	FASTQ	DNA	2049068	167399028	15	81.7	124
ALA-KLS1363-3593317.FASTQ.gz	FASTQ	DNA	2183625	178572471	15	81.8	126
ALA-KLS1366-3593364.FASTQ.gz	FASTQ	DNA	2163087	175971215	15	81.4	126
ALA-KLS1366-3593436.FASTQ.gz	FASTQ	DNA	1994003	167427668	15	84.0	126
ALA-KLS1373-3593328.FASTQ.gz	FASTQ	DNA	2242814	185277524	15	82.6	126
ALA-KLS1387-3593387.FASTQ.gz	FASTQ	DNA	2049644	178351351	15	87.0	124
ALA-KLS1413-3593365.FASTQ.gz	FASTQ	DNA	2252538	181025855	15	80.4	126
ALA-KLS1413-3593437.FASTQ.gz	FASTQ	DNA	2194652	183180669	15	83.5	128
ALA-KLS1415-3593359.FASTQ.gz	FASTQ	DNA	2257404	182278648	15	80.7	124
ALA-KLS1415-3593431.FASTQ.gz	FASTQ	DNA	1977118	168088276	15	85.0	124
ALA-KLS1444-3593398.FASTQ.gz	FASTQ	DNA	2269754	174337994	15	76.8	125
ALA-KLS1448-3593341.FASTQ.gz	FASTQ	DNA	2249623	181830560	15	80.8	125
ALA-KLS1452-3593342.FASTQ.gz	FASTQ	DNA	2233786	182951126	15	81.9	128
ALA-KLS1453-3593336.FASTQ.gz	FASTQ	DNA	2155893	178491926	15	82.8	124
ALA-KLS1467-3593390.FASTQ.gz	FASTQ	DNA	2234645	183395903	15	82.1	124
ALA-KLS1474-3593384.FASTQ.gz	FASTQ	DNA	2241305	181027556	15	80.8	124
ALA-KLS1479-3593389.FASTQ.gz	FASTQ	DNA	2163691	175066268	15	80.9	125
ALA-KLS1492-3593391.FASTQ.gz	FASTQ	DNA	2139157	171767350	15	80.3	124
ALA-KLS1526-3593366.FASTQ.gz	FASTQ	DNA	2274617	180858686	15	79.5	124
ALA-KLS1526-3593438.FASTQ.gz	FASTQ	DNA	2174985	181857210	15	83.6	128
ALA-KLS1548-3593373.FASTQ.gz	FASTQ	DNA	2132975	172677610	15	81.0	126
ALA-KLS1548-3593445.FASTQ.gz	FASTQ	DNA	2047643	170758263	15	83.4	126
ALA-KLS1549-3593354.FASTQ.gz	FASTQ	DNA	2297352	188394907	15	82.0	128
ALA-KLS1549-3593426.FASTQ.gz	FASTQ	DNA	2133508	174754699	15	81.9	124
ALA-KLS1555-3593323.FASTQ.gz	FASTQ	DNA	2175354	189038350	15	86.9	127
ALA-KLS1661-4013402.FASTQ.gz	FASTQ	DNA	2107411	159676418	15	75.8	124
ALA-KLS1663-4013404.FASTQ.gz	FASTQ	DNA	1964428	155256286	15	79.0	124
ALA-KLS1664-4013405.FASTQ.gz	FASTQ	DNA	2056689	154915199	15	75.3	124
ALA-KLS1682-4013423.FASTQ.gz	FASTQ	DNA	2151878	160616135	15	74.6	125
ALA-KLS1690-4013430.FASTQ.gz	FASTQ	DNA	2014498	155691552	15	77.3	128
ALA-MAGNT-R36654-2562269.FASTQ.gz	FASTQ	DNA	865531	119443278	138	138.0	138
ALA-MAGNT-R36654-2571090.FASTQ.gz	FASTQ	DNA	1100234	151832292	138	138.0	138
ALA-MAGNT-R36654-2583996.FASTQ.gz	FASTQ	DNA	1241901	171382338	138	138.0	138
ALA-NC_2019_217-2117818.FASTQ.gz	FASTQ	DNA	1081714	89782262	83	83.0	83
ALA-NC_2019_247-2117816.FASTQ.gz	FASTQ	DNA	1168232	96963256	83	83.0	83
ALA-NC_Jan2019_208-2562133.FASTQ.gz	FASTQ	DNA	1401320	193382160	138	138.0	138
ALA-NC_Jan2019_213-2892489.FASTQ.gz	FASTQ	DNA	1528518	210935484	138	138.0	138
ALA-NC_Jan2019_213-2892584.FASTQ.gz	FASTQ	DNA	938671	129536598	138	138.0	138
ALA-NC_Jan2019_213-2894774.FASTQ.gz	FASTQ	DNA	1201672	165830736	138	138.0	138
ALA-NC_Jan2019_217-2892446.FASTQ.gz	FASTQ	DNA	1529786	211110468	138	138.0	138
ALA-NC_Jan2019_227-2892537.FASTQ.gz	FASTQ	DNA	1370293	189100434	138	138.0	138
ALA-NC_Jan2019_247-2892476.FASTQ.gz	FASTQ	DNA	1481093	204390834	138	138.0	138
ALA-NC_Jan2019_253-3446972.FASTQ.gz	FASTQ	DNA	1183097	79363836	15	67.1	124
ALA-NC_Jan2019_269-3446978.FASTQ.gz	FASTQ	DNA	1411543	92986135	15	65.9	125
ALA-NC_Jan2019_271-2892518.FASTQ.gz	FASTQ	DNA	1421764	196203432	138	138.0	138
ALA-NC_Jan2019_275-3446981.FASTQ.gz	FASTQ	DNA	1417360	98504832	15	69.5	126
ALA-NC_Jan2019_282-2562143.FASTQ.gz	FASTQ	DNA	1306854	180345852	138	138.0	138
ALA-NC_Jan2019_282-2583999.FASTQ.gz	FASTQ	DNA	1107616	152851008	138	138.0	138
ALA-R29880-2562259.FASTQ.gz	FASTQ	DNA	1233098	170167524	138	138.0	138
ALA-R29880-2892521.FASTQ.gz	FASTQ	DNA	1574892	217335096	138	138.0	138
ALA-R36967-2892426.FASTQ.gz	FASTQ	DNA	1139847	157298886	138	138.0	138
ALA-R36974-2892437.FASTQ.gz	FASTQ	DNA	1173666	161965908	138	138.0	138
ALA-R37003-2892459.FASTQ.gz	FASTQ	DNA	1234786	170400468	138	138.0	138
ALA-R37010-2892460.FASTQ.gz	FASTQ	DNA	1488598	205426524	138	138.0	138
ALA-R37025-2892461.FASTQ.gz	FASTQ	DNA	1440196	198747048	138	138.0	138
ALA-R37027-2892458.FASTQ.gz	FASTQ	DNA	1241749	171361362	138	138.0	138
ALA-R37032-2892401.FASTQ.gz	FASTQ	DNA	1460932	201608616	138	138.0	138
ALA-R37034-2892486.FASTQ.gz	FASTQ	DNA	1332458	183879204	138	138.0	138
ALA-R37101-2892544.FASTQ.gz	FASTQ	DNA	1573481	217140378	138	138.0	138
ALA-R37113-2892490.FASTQ.gz	FASTQ	DNA	1607243	221799534	138	138.0	138
ALA-R37116-2892470.FASTQ.gz	FASTQ	DNA	1416227	195439326	138	138.0	138
ALA-R37122-2892464.FASTQ.gz	FASTQ	DNA	1350112	186315456	138	138.0	138
ALA-R37128-2892424.FASTQ.gz	FASTQ	DNA	1319541	182096658	138	138.0	138
ALA-R37140-2892462.FASTQ.gz	FASTQ	DNA	1435242	198063396	138	138.0	138
ALA-SS170808-01-2562218.FASTQ.gz	FASTQ	DNA	1439446	198643548	138	138.0	138
ALA-SS170808-06-2892529.FASTQ.gz	FASTQ	DNA	1522612	210120456	138	138.0	138
ALA-SS170809-01-2892375.FASTQ.gz	FASTQ	DNA	1384732	191093016	138	138.0	138
ALA-SS170809-01-2892565.FASTQ.gz	FASTQ	DNA	1123123	154990974	138	138.0	138
ALA-SS170809-03-2892475.FASTQ.gz	FASTQ	DNA	1446223	199578774	138	138.0	138
ALA-SS170810-01-2892386.FASTQ.gz	FASTQ	DNA	1390089	191832282	138	138.0	138
ALA-SS170810-01-2892576.FASTQ.gz	FASTQ	DNA	1182585	163196730	138	138.0	138
ALA-SS170813-01-2892422.FASTQ.gz	FASTQ	DNA	1437326	198350988	138	138.0	138
ALA-SS170815-01-2892435.FASTQ.gz	FASTQ	DNA	1348796	186133848	138	138.0	138
ALA-SS170815-03-2892473.FASTQ.gz	FASTQ	DNA	1513456	208856928	138	138.0	138
ALA-SS170815-04-2892440.FASTQ.gz	FASTQ	DNA	1444808	199383504	138	138.0	138
ALA-SS170816-01-2562206.FASTQ.gz	FASTQ	DNA	1345731	185710878	138	138.0	138
ALA-SS170816-01-2584000.FASTQ.gz	FASTQ	DNA	1277042	176231796	138	138.0	138
ALA-SS170816-01-2892493.FASTQ.gz	FASTQ	DNA	1485738	205031844	138	138.0	138
ALA-SS170816-01-2892588.FASTQ.gz	FASTQ	DNA	1096755	151352190	138	138.0	138
ALA-SS170820-01-2562217.FASTQ.gz	FASTQ	DNA	978377	135016026	138	138.0	138
ALA-SS170820-05-2892447.FASTQ.gz	FASTQ	DNA	1167675	161139150	138	138.0	138
ALA-SS170822-01-2892494.FASTQ.gz	FASTQ	DNA	1464887	202154406	138	138.0	138
ALA-SS170822-01-2892589.FASTQ.gz	FASTQ	DNA	1269916	175248408	138	138.0	138
ALA-SS170822-02-2892495.FASTQ.gz	FASTQ	DNA	1468227	202615326	138	138.0	138
ALA-SS170822-02-2892590.FASTQ.gz	FASTQ	DNA	1141734	157559292	138	138.0	138
ALA-SS170822-02-2894775.FASTQ.gz	FASTQ	DNA	912524	125928312	138	138.0	138
ALA-SS170822-03-2892528.FASTQ.gz	FASTQ	DNA	1607257	221801466	138	138.0	138
ALA-SS170822-03-2894754.FASTQ.gz	FASTQ	DNA	1321447	182359686	138	138.0	138
ALA-SS171011-02-2892425.FASTQ.gz	FASTQ	DNA	1288338	177790644	138	138.0	138
ALA-SS171011-03-2892496.FASTQ.gz	FASTQ	DNA	1408155	194325390	138	138.0	138
ALA-SS171011-03-2892591.FASTQ.gz	FASTQ	DNA	1191489	164425482	138	138.0	138
ALA-SS171018-02-2892517.FASTQ.gz	FASTQ	DNA	1453366	200564508	138	138.0	138
ALA-SS171025-01-2892506.FASTQ.gz	FASTQ	DNA	1264821	174545298	138	138.0	138
ALA-SS171025-02-2892393.FASTQ.gz	FASTQ	DNA	1339784	184890192	138	138.0	138
ALA-SS171104-01-2892432.FASTQ.gz	FASTQ	DNA	1335633	184317354	138	138.0	138
ALA-SS171105-01-2892472.FASTQ.gz	FASTQ	DNA	1440653	198810114	138	138.0	138
ALA-SS171106-02-2892479.FASTQ.gz	FASTQ	DNA	1353398	186768924	138	138.0	138
ALA-SS171106-03-2892404.FASTQ.gz	FASTQ	DNA	1421054	196105452	138	138.0	138
ALA-UAE275-2892543.FASTQ.gz	FASTQ	DNA	1443331	199179678	138	138.0	138
ALA-VU121-2562122.FASTQ.gz	FASTQ	DNA	1566481	216174378	138	138.0	138
ALA-VU121-2584014.FASTQ.gz	FASTQ	DNA	1278871	176484198	138	138.0	138
ALA-VU130-2562201.FASTQ.gz	FASTQ	DNA	1159850	160059300	138	138.0	138
ALA-VU130-2571062.FASTQ.gz	FASTQ	DNA	757326	104510988	138	138.0	138
ALA-VU132-2562114.FASTQ.gz	FASTQ	DNA	1439384	198634992	138	138.0	138
ALA-VU15-2892510.FASTQ.gz	FASTQ	DNA	1424417	196569546	138	138.0	138
ALA-VU20-2892394.FASTQ.gz	FASTQ	DNA	1273012	175675656	138	138.0	138
ALA-VU21-2892380.FASTQ.gz	FASTQ	DNA	1367206	188674428	138	138.0	138
ALA-VU21-2892570.FASTQ.gz	FASTQ	DNA	1176464	162352032	138	138.0	138
ALA-VU33-2892383.FASTQ.gz	FASTQ	DNA	1321249	182332362	138	138.0	138
ALA-VU33-2892573.FASTQ.gz	FASTQ	DNA	1119872	154542336	138	138.0	138
ALA-VU37-2892482.FASTQ.gz	FASTQ	DNA	1575258	217385604	138	138.0	138
ALA-VU47-2892477.FASTQ.gz	FASTQ	DNA	1456372	200979336	138	138.0	138
ALA-VU50-2892527.FASTQ.gz	FASTQ	DNA	1316782	181715916	138	138.0	138
ALA-VU51-2892500.FASTQ.gz	FASTQ	DNA	1511075	208528350	138	138.0	138
ALA-VU53-2892376.FASTQ.gz	FASTQ	DNA	1381176	190602288	138	138.0	138
ALA-VU53-2892566.FASTQ.gz	FASTQ	DNA	1045270	144247260	138	138.0	138
ALA-VU62-2892417.FASTQ.gz	FASTQ	DNA	1365588	188451144	138	138.0	138
APO-BD304-2892487.FASTQ.gz	FASTQ	DNA	1352700	186672600	138	138.0	138
APO-BD304-2892582.FASTQ.gz	FASTQ	DNA	1169889	161444682	138	138.0	138
APO-BD320-2892516.FASTQ.gz	FASTQ	DNA	1551140	214057320	138	138.0	138
APO-BD325-2892538.FASTQ.gz	FASTQ	DNA	1510822	208493436	138	138.0	138
APO-BD326-2892550.FASTQ.gz	FASTQ	DNA	1493634	206121492	138	138.0	138
APO-BD326-2894761.FASTQ.gz	FASTQ	DNA	1315220	181500360	138	138.0	138
APO-BD330-2892535.FASTQ.gz	FASTQ	DNA	1437426	198364788	138	138.0	138
APO-BD331-2892519.FASTQ.gz	FASTQ	DNA	1293387	178487406	138	138.0	138
APO-BD337-2892483.FASTQ.gz	FASTQ	DNA	1511137	208536906	138	138.0	138
APO-BD338-2892540.FASTQ.gz	FASTQ	DNA	1402048	193482624	138	138.0	138
APO-BD339-2892520.FASTQ.gz	FASTQ	DNA	1469040	202727520	138	138.0	138
APO-BD342-2892423.FASTQ.gz	FASTQ	DNA	1402464	193540032	138	138.0	138
APO-KLS1002-2562146.FASTQ.gz	FASTQ	DNA	1332412	183872856	138	138.0	138
APO-KLS1002-2584015.FASTQ.gz	FASTQ	DNA	1012671	139748598	138	138.0	138
ATE-HybFa01-2892515.FASTQ.gz	FASTQ	DNA	1643842	226850196	138	138.0	138
ATE-HybFa01-2894752.FASTQ.gz	FASTQ	DNA	1107030	152770140	138	138.0	138
ATE-KLS1242-3593371.FASTQ.gz	FASTQ	DNA	2218770	183150446	15	82.5	126
ATE-KLS1242-3593443.FASTQ.gz	FASTQ	DNA	2179089	177111521	15	81.3	124
ATE-KLS1283-3446947.FASTQ.gz	FASTQ	DNA	1327291	98760163	15	74.4	124
ATE-SS171020-04-2562233.FASTQ.gz	FASTQ	DNA	1217153	167967114	138	138.0	138
ATE-SS171020-04-2584017.FASTQ.gz	FASTQ	DNA	1211539	167192382	138	138.0	138
HMA-10-3991225.FASTQ.gz	FASTQ	DNA	1497534	90236888	15	60.3	124
HMA-Dm001-3991498.FASTQ.gz	FASTQ	DNA	1147634	81500005	15	71.0	128
HMA-Dm004-3991499.FASTQ.gz	FASTQ	DNA	1412025	83165873	15	58.9	124
HMA-Dm005-3991500.FASTQ.gz	FASTQ	DNA	1411546	90463056	15	64.1	124
HMA-Dm007-3991501.FASTQ.gz	FASTQ	DNA	1327081	84141503	15	63.4	126
HMA-Dm008-3991502.FASTQ.gz	FASTQ	DNA	1125348	82083612	15	72.9	126
HMA-Dm010-3991503.FASTQ.gz	FASTQ	DNA	1527082	81063894	15	53.1	125
HMA-Dm011-3991504.FASTQ.gz	FASTQ	DNA	1498784	80326045	15	53.6	125
HMA-Dm014-3991505.FASTQ.gz	FASTQ	DNA	1459426	86961368	15	59.6	126
HMA-Dm015-3991506.FASTQ.gz	FASTQ	DNA	1351757	82761043	15	61.2	124
HMA-Dm018-3991507.FASTQ.gz	FASTQ	DNA	1534846	92347028	15	60.2	125
HMA-Dm028-3991509.FASTQ.gz	FASTQ	DNA	1092086	67706073	15	62.0	126
HMA-Dm029-4019824.FASTQ.gz	FASTQ	DNA	1232849	71653149	15	58.1	126
HMA-Dm032-4019825.FASTQ.gz	FASTQ	DNA	1307358	74640776	15	57.1	126
HMA-Dm045_was_He078-4019826.FASTQ.gz	FASTQ	DNA	957927	73650728	15	76.9	128
HMA-J84471-2117859.FASTQ.gz	FASTQ	DNA	1157016	96032328	83	83.0	83
HMA-J87200-2117846.FASTQ.gz	FASTQ	DNA	1431956	118852348	83	83.0	83
HMA-J87200-2133113.FASTQ.gz	FASTQ	DNA	1448414	120218362	83	83.0	83
HMA-J87202-2117845.FASTQ.gz	FASTQ	DNA	1454176	120696608	83	83.0	83
HMA-J88474-2117828.FASTQ.gz	FASTQ	DNA	1226397	101790951	83	83.0	83
HMA-J88474-2133095.FASTQ.gz	FASTQ	DNA	862498	71587334	83	83.0	83
HMA-J89073-2117861.FASTQ.gz	FASTQ	DNA	1247640	103554120	83	83.0	83
HMA-KLS0629-2117699.FASTQ.gz	FASTQ	DNA	1282172	106420276	83	83.0	83
HMA-KLS0630-2117717.FASTQ.gz	FASTQ	DNA	1191508	98895164	83	83.0	83
HMA-KLS0631-2117697.FASTQ.gz	FASTQ	DNA	1296995	107650585	83	83.0	83
HMA-KLS0633-2117719.FASTQ.gz	FASTQ	DNA	1944707	161410681	83	83.0	83
HMA-KLS0647-2117698.FASTQ.gz	FASTQ	DNA	1269090	105334470	83	83.0	83
HMA-KLS0652-2117715.FASTQ.gz	FASTQ	DNA	1334202	110738766	83	83.0	83
HMA-KLS0662-2117700.FASTQ.gz	FASTQ	DNA	1163173	96543359	83	83.0	83
HMA-KLS0676-2117735.FASTQ.gz	FASTQ	DNA	1616565	134174895	83	83.0	83
HMA-KLS0762-2117712.FASTQ.gz	FASTQ	DNA	1466120	121687960	83	83.0	83
HMA-KLS0798-2117733.FASTQ.gz	FASTQ	DNA	1233499	102380417	83	83.0	83
HMA-KLS0799-2117731.FASTQ.gz	FASTQ	DNA	1390032	115372656	83	83.0	83
HMA-KLS0801-2117727.FASTQ.gz	FASTQ	DNA	1651901	137107783	83	83.0	83
HMA-KLS0808-2117740.FASTQ.gz	FASTQ	DNA	1319894	109551202	83	83.0	83
HMA-KLS0813-2117730.FASTQ.gz	FASTQ	DNA	1416688	117585104	83	83.0	83
HMA-KLS0898-2117745.FASTQ.gz	FASTQ	DNA	1547679	128457357	83	83.0	83
HMA-KLS0901-2117709.FASTQ.gz	FASTQ	DNA	1249302	103692066	83	83.0	83
HMA-KLS0913-2117749.FASTQ.gz	FASTQ	DNA	1260084	104586972	83	83.0	83
HMA-KLS0933-2117744.FASTQ.gz	FASTQ	DNA	1620565	134506895	83	83.0	83
HMA-KLS1016-2117701.FASTQ.gz	FASTQ	DNA	1191345	98881635	83	83.0	83
HMA-KLS1017-2117720.FASTQ.gz	FASTQ	DNA	1557190	129246770	83	83.0	83
HMA-KLS1020-2117696.FASTQ.gz	FASTQ	DNA	1408041	116867403	83	83.0	83
HMA-KLS1379-3593334.FASTQ.gz	FASTQ	DNA	2282693	181791166	15	79.6	124
HMA-KLS1416-3593319.FASTQ.gz	FASTQ	DNA	2382531	190238266	15	79.8	126
HMA-KLS1421-3593374.FASTQ.gz	FASTQ	DNA	2286300	183850204	15	80.4	128
HMA-KLS1514-3593378.FASTQ.gz	FASTQ	DNA	2152587	174064072	15	80.9	124
HMA-KLS1522-3593369.FASTQ.gz	FASTQ	DNA	2327960	186267715	15	80.0	124
HMA-KLS1522-3593441.FASTQ.gz	FASTQ	DNA	2095962	172439807	15	82.3	126
HMA-KLS1538-3593349.FASTQ.gz	FASTQ	DNA	2269152	181304444	15	79.9	124
HMA-KLS1553-3593325.FASTQ.gz	FASTQ	DNA	2143898	179561502	15	83.8	128
HMA-KLS1554-3593316.FASTQ.gz	FASTQ	DNA	2229153	181772857	15	81.5	124
HMA-KLS1692-4013432.FASTQ.gz	FASTQ	DNA	2044228	159981273	15	78.3	127
HMA-KLS1694-4013434.FASTQ.gz	FASTQ	DNA	2026301	154152098	15	76.1	127
HMA-KLS1697-4013437.FASTQ.gz	FASTQ	DNA	2012764	160987247	15	80.0	127
HMA-KLS1699-4013439.FASTQ.gz	FASTQ	DNA	2111631	163446833	15	77.4	125
HMA-KLS1703-4013443.FASTQ.gz	FASTQ	DNA	1946766	157195910	15	80.7	126
HMA-KLS1705-4013445.FASTQ.gz	FASTQ	DNA	1979841	153655263	15	77.6	124
HMA-MAGNT-R36643-2117742.FASTQ.gz	FASTQ	DNA	1210613	100480879	83	83.0	83
HMA-NC_166-2117725.FASTQ.gz	FASTQ	DNA	1224764	101655412	83	83.0	83
HMA-NC_167-2117726.FASTQ.gz	FASTQ	DNA	1081313	89748979	83	83.0	83
HMA-NC_169-2117729.FASTQ.gz	FASTQ	DNA	1635923	135781609	83	83.0	83
HMA-NC_173-2117703.FASTQ.gz	FASTQ	DNA	1723488	143049504	83	83.0	83
HMA-NC_174-2117743.FASTQ.gz	FASTQ	DNA	1724696	143149768	83	83.0	83
HMA-NC_176-2117714.FASTQ.gz	FASTQ	DNA	981455	81460765	83	83.0	83
HMA-NC_179-2117695.FASTQ.gz	FASTQ	DNA	1400701	116258183	83	83.0	83
HMA-NC_180-2117713.FASTQ.gz	FASTQ	DNA	1441794	119668902	83	83.0	83
HMA-NC_181-2117711.FASTQ.gz	FASTQ	DNA	1327342	110169386	83	83.0	83
HMA-NC_189-2117710.FASTQ.gz	FASTQ	DNA	1293074	107325142	83	83.0	83
HMA-R154981-2117752.FASTQ.gz	FASTQ	DNA	1696960	140847680	83	83.0	83
HMA-R29873-2117819.FASTQ.gz	FASTQ	DNA	1271155	105505865	83	83.0	83
HMA-R29875-2117836.FASTQ.gz	FASTQ	DNA	1245796	103401068	83	83.0	83
HMA-R36496-2117767.FASTQ.gz	FASTQ	DNA	1626732	135018756	83	83.0	83
HMA-R36496-2133034.FASTQ.gz	FASTQ	DNA	1086286	90161738	83	83.0	83
HMA-R36640-2117798.FASTQ.gz	FASTQ	DNA	1301683	108039689	83	83.0	83
HMA-R36656-2117844.FASTQ.gz	FASTQ	DNA	1296129	107578707	83	83.0	83
HMA-R36660-2117840.FASTQ.gz	FASTQ	DNA	1236641	102641203	83	83.0	83
HMA-R36982-2117760.FASTQ.gz	FASTQ	DNA	1558329	129341307	83	83.0	83
HMA-R36982-2133027.FASTQ.gz	FASTQ	DNA	1222130	101436790	83	83.0	83
HMA-R37004-2117761.FASTQ.gz	FASTQ	DNA	1442317	119712311	83	83.0	83
HMA-R37004-2133028.FASTQ.gz	FASTQ	DNA	1033210	85756430	83	83.0	83
HMA-R37005-2117762.FASTQ.gz	FASTQ	DNA	1500953	124579099	83	83.0	83
HMA-R37005-2133029.FASTQ.gz	FASTQ	DNA	1139017	94538411	83	83.0	83
HMA-R37023-2117763.FASTQ.gz	FASTQ	DNA	1425583	118323389	83	83.0	83
HMA-R37023-2133030.FASTQ.gz	FASTQ	DNA	1144904	95027032	83	83.0	83
HMA-R37031-2117764.FASTQ.gz	FASTQ	DNA	1319827	109545641	83	83.0	83
HMA-R37031-2133031.FASTQ.gz	FASTQ	DNA	1186525	98481575	83	83.0	83
HMA-R37037-2117765.FASTQ.gz	FASTQ	DNA	1329279	110330157	83	83.0	83
HMA-R37037-2133032.FASTQ.gz	FASTQ	DNA	1052845	87386135	83	83.0	83
HMA-R37138-2117766.FASTQ.gz	FASTQ	DNA	1247137	103512371	83	83.0	83
HMA-R37138-2133033.FASTQ.gz	FASTQ	DNA	1136227	94306841	83	83.0	83
HMA-SS170809_02-2117728.FASTQ.gz	FASTQ	DNA	1586933	131715439	83	83.0	83
HMA-SS170812_01-2117751.FASTQ.gz	FASTQ	DNA	1588544	131849152	83	83.0	83
HMA-SS170814_02-2117746.FASTQ.gz	FASTQ	DNA	1432381	118887623	83	83.0	83
HMA-SS170818_01-2117748.FASTQ.gz	FASTQ	DNA	1143631	94921373	83	83.0	83
HMA-SS170820_01-2117747.FASTQ.gz	FASTQ	DNA	1456030	120850490	83	83.0	83
HMA-SS171024_01-2117723.FASTQ.gz	FASTQ	DNA	1496136	124179288	83	83.0	83
HMA-VU46-2117754.FASTQ.gz	FASTQ	DNA	1127367	93571461	83	83.0	83
HMA-VU55-2117702.FASTQ.gz	FASTQ	DNA	1160016	96281328	83	83.0	83
HMA-VU61-2117705.FASTQ.gz	FASTQ	DNA	1494160	124015280	83	83.0	83
HMA-WAMR154978-2117736.FASTQ.gz	FASTQ	DNA	721543	59888069	83	83.0	83
HMA-WAM-R154978-2562207.FASTQ.gz	FASTQ	DNA	1602903	221200614	138	138.0	138
HMA-WAM-R154978-2584005.FASTQ.gz	FASTQ	DNA	1292684	178390392	138	138.0	138
HMA-WAM-R154980-2562264.FASTQ.gz	FASTQ	DNA	1272981	175671378	138	138.0	138
HMA-WAM-R154981-2562169.FASTQ.gz	FASTQ	DNA	1561918	215544684	138	138.0	138
HST-As004-3991479.FASTQ.gz	FASTQ	DNA	1230740	84813232	15	68.9	125
HST-As005-3991480.FASTQ.gz	FASTQ	DNA	1235926	86207867	15	69.8	125
HST-As006-3991481.FASTQ.gz	FASTQ	DNA	1411139	80813508	15	57.3	124
HST-As007-3991482.FASTQ.gz	FASTQ	DNA	1455735	88277515	15	60.6	128
HST-As008-3991483.FASTQ.gz	FASTQ	DNA	1530646	79536767	15	52.0	126
HST-As009-3991484.FASTQ.gz	FASTQ	DNA	1382062	83943551	15	60.7	124
HST-As010-3991485.FASTQ.gz	FASTQ	DNA	1540675	81944855	15	53.2	124
HST-As011-3991486.FASTQ.gz	FASTQ	DNA	1661721	86561600	15	52.1	128
HST-As012-3991487.FASTQ.gz	FASTQ	DNA	1362321	86786739	15	63.7	126
HST-J82337-2562260.FASTQ.gz	FASTQ	DNA	1413075	195004350	138	138.0	138
HST-KLS0360-2562274.FASTQ.gz	FASTQ	DNA	1419725	195922050	138	138.0	138
HST-KLS0360-2584024.FASTQ.gz	FASTQ	DNA	1398554	193000452	138	138.0	138
HST-KLS0362-2562256.FASTQ.gz	FASTQ	DNA	1331450	183740100	138	138.0	138
HST-KLS0490-2892498.FASTQ.gz	FASTQ	DNA	1414500	195201000	138	138.0	138
HST-KLS0490-2892593.FASTQ.gz	FASTQ	DNA	1250840	172615920	138	138.0	138
HST-KLS0527-2892409.FASTQ.gz	FASTQ	DNA	1307776	180473088	138	138.0	138
HST-KLS0528-2892531.FASTQ.gz	FASTQ	DNA	1486271	205105398	138	138.0	138
HST-KLS0559-2892377.FASTQ.gz	FASTQ	DNA	1418578	195763764	138	138.0	138
HST-KLS0559-2892567.FASTQ.gz	FASTQ	DNA	1172650	161825700	138	138.0	138
HST-KLS0566-2892525.FASTQ.gz	FASTQ	DNA	1458635	201291630	138	138.0	138
HST-KLS0573-2892480.FASTQ.gz	FASTQ	DNA	1544501	213141138	138	138.0	138
HST-KLS0604-2892450.FASTQ.gz	FASTQ	DNA	1445294	199450572	138	138.0	138
HST-KLS0634-2892478.FASTQ.gz	FASTQ	DNA	1432515	197687070	138	138.0	138
HST-KLS0635-2562180.FASTQ.gz	FASTQ	DNA	1297878	179107164	138	138.0	138
HST-KLS0636-2562216.FASTQ.gz	FASTQ	DNA	1556895	214851510	138	138.0	138
HST-KLS0660-2892454.FASTQ.gz	FASTQ	DNA	1480854	204357852	138	138.0	138
HST-KLS0675-2892455.FASTQ.gz	FASTQ	DNA	1422104	196250352	138	138.0	138
HST-KLS0677-2892491.FASTQ.gz	FASTQ	DNA	1480980	204375240	138	138.0	138
HST-KLS0677-2892586.FASTQ.gz	FASTQ	DNA	1155750	159493500	138	138.0	138
HST-KLS0678-2892468.FASTQ.gz	FASTQ	DNA	1367500	188715000	138	138.0	138
HST-KLS0679-2892438.FASTQ.gz	FASTQ	DNA	1480528	204312864	138	138.0	138
HST-KLS0680-2892474.FASTQ.gz	FASTQ	DNA	1495278	206348364	138	138.0	138
HST-KLS0681-2892443.FASTQ.gz	FASTQ	DNA	1382339	190762782	138	138.0	138
HST-KLS0682-2892504.FASTQ.gz	FASTQ	DNA	1491848	205875024	138	138.0	138
HST-KLS0686-2892505.FASTQ.gz	FASTQ	DNA	1454862	200770956	138	138.0	138
HST-KLS0687-2892451.FASTQ.gz	FASTQ	DNA	1373443	189535134	138	138.0	138
HST-KLS0794-2562199.FASTQ.gz	FASTQ	DNA	1314566	181410108	138	138.0	138
HST-KLS0795-2892379.FASTQ.gz	FASTQ	DNA	1531517	211349346	138	138.0	138
HST-KLS0795-2892569.FASTQ.gz	FASTQ	DNA	928908	128189304	138	138.0	138
HST-KLS0795-2894769.FASTQ.gz	FASTQ	DNA	952934	131504892	138	138.0	138
HST-KLS0804-2892392.FASTQ.gz	FASTQ	DNA	1421976	196232688	138	138.0	138
HST-KLS0843-2892452.FASTQ.gz	FASTQ	DNA	1578535	217837830	138	138.0	138
HST-KLS0847-2892542.FASTQ.gz	FASTQ	DNA	1396476	192713688	138	138.0	138
HST-KLS0858-2892456.FASTQ.gz	FASTQ	DNA	1336927	184495926	138	138.0	138
HST-KLS0883-2892509.FASTQ.gz	FASTQ	DNA	1525159	210471942	138	138.0	138
HST-KLS0886-2892390.FASTQ.gz	FASTQ	DNA	1661401	229273338	138	138.0	138
HST-KLS0896-2892403.FASTQ.gz	FASTQ	DNA	1415907	195395166	138	138.0	138
HST-KLS0897-2892551.FASTQ.gz	FASTQ	DNA	1507384	208018992	138	138.0	138
HST-KLS0897-2894762.FASTQ.gz	FASTQ	DNA	709826	97955988	138	138.0	138
HST-KLS0923-2892400.FASTQ.gz	FASTQ	DNA	1341673	185150874	138	138.0	138
HST-KLS0938-2892388.FASTQ.gz	FASTQ	DNA	1284408	177248304	138	138.0	138
HST-KLS0938-2892578.FASTQ.gz	FASTQ	DNA	907836	125281368	138	138.0	138
HST-KLS0938-2894770.FASTQ.gz	FASTQ	DNA	821441	113358858	138	138.0	138
HST-KLS0941-2892545.FASTQ.gz	FASTQ	DNA	1273447	175735686	138	138.0	138
HST-KLS0983-2892406.FASTQ.gz	FASTQ	DNA	1476100	203701800	138	138.0	138
HST-KLS0986-2892407.FASTQ.gz	FASTQ	DNA	1373996	189611448	138	138.0	138
HST-KLS1157-3593388.FASTQ.gz	FASTQ	DNA	2141375	176329439	15	82.3	126
HST-KLS1158-3593383.FASTQ.gz	FASTQ	DNA	2257392	179316210	15	79.4	124
HST-KLS1159-3593340.FASTQ.gz	FASTQ	DNA	2239852	186841948	15	83.4	128
HST-KLS1173-2892444.FASTQ.gz	FASTQ	DNA	1403044	193620072	138	138.0	138
HST-KLS1182-2892449.FASTQ.gz	FASTQ	DNA	1651319	227882022	138	138.0	138
HST-KLS1200-2892434.FASTQ.gz	FASTQ	DNA	1309794	180751572	138	138.0	138
HST-KLS1204-2892421.FASTQ.gz	FASTQ	DNA	1472529	203209002	138	138.0	138
HST-KLS1204-3593361.FASTQ.gz	FASTQ	DNA	2292546	184749117	15	80.6	128
HST-KLS1204-3593433.FASTQ.gz	FASTQ	DNA	2031380	168097022	15	82.8	126
HST-KLS1206-2892416.FASTQ.gz	FASTQ	DNA	1389594	191763972	138	138.0	138
HST-KLS1206-3593330.FASTQ.gz	FASTQ	DNA	2133151	180379679	15	84.6	124
HST-KLS1227-2892412.FASTQ.gz	FASTQ	DNA	1307817	180478746	138	138.0	138
HST-KLS1273-2892431.FASTQ.gz	FASTQ	DNA	1237625	170792250	138	138.0	138
HST-KLS1274-2892410.FASTQ.gz	FASTQ	DNA	1341702	185154876	138	138.0	138
HST-KLS1367-3593339.FASTQ.gz	FASTQ	DNA	2308491	183308939	15	79.4	124
HST-KLS1369-3593347.FASTQ.gz	FASTQ	DNA	2111894	172067288	15	81.5	125
HST-KLS1370-3593333.FASTQ.gz	FASTQ	DNA	2254611	184408062	15	81.8	128
HST-KLS1371-3593312.FASTQ.gz	FASTQ	DNA	2392187	192709353	15	80.6	124
HST-KLS1372-3593318.FASTQ.gz	FASTQ	DNA	2241853	184751716	15	82.4	128
HST-KLS1380-3593381.FASTQ.gz	FASTQ	DNA	2141567	175910253	15	82.1	124
HST-KLS1384-3593379.FASTQ.gz	FASTQ	DNA	2221506	184797602	15	83.2	126
HST-KLS1385-3593310.FASTQ.gz	FASTQ	DNA	2396387	194523742	15	81.2	125
HST-KLS1412-3593322.FASTQ.gz	FASTQ	DNA	2109311	167863503	15	79.6	124
HST-KLS1414-3593346.FASTQ.gz	FASTQ	DNA	2147540	177990618	15	82.9	124
HST-KLS1417-3593370.FASTQ.gz	FASTQ	DNA	2170197	171984940	15	79.2	126
HST-KLS1417-3593442.FASTQ.gz	FASTQ	DNA	2021531	165458115	15	81.8	124
HST-KLS1418-3593309.FASTQ.gz	FASTQ	DNA	2117057	169721109	15	80.2	126
HST-KLS1419-3593306.FASTQ.gz	FASTQ	DNA	2300177	189977631	15	82.6	126
HST-KLS1420-3593353.FASTQ.gz	FASTQ	DNA	2280567	184506702	15	80.9	126
HST-KLS1422-3593399.FASTQ.gz	FASTQ	DNA	2202670	167919383	15	76.2	125
HST-KLS1424-3593329.FASTQ.gz	FASTQ	DNA	2221976	183461634	15	82.6	125
HST-KLS1429-3593311.FASTQ.gz	FASTQ	DNA	2195767	183310685	15	83.5	124
HST-KLS1515-3593385.FASTQ.gz	FASTQ	DNA	2257188	182090600	15	80.7	124
HST-KLS1517-3593355.FASTQ.gz	FASTQ	DNA	2211222	176459761	15	79.8	124
HST-KLS1517-3593427.FASTQ.gz	FASTQ	DNA	2132734	180435096	15	84.6	126
HST-KLS1528-3593321.FASTQ.gz	FASTQ	DNA	2212821	180102016	15	81.4	126
HST-KLS1541-3593313.FASTQ.gz	FASTQ	DNA	2204755	162621142	15	73.8	125
HST-KLS1544-3593344.FASTQ.gz	FASTQ	DNA	2181050	177675405	15	81.5	124
HST-KLS1556-3593324.FASTQ.gz	FASTQ	DNA	2195597	178973973	15	81.5	124
HST-KLS1662-4013403.FASTQ.gz	FASTQ	DNA	1806498	140413106	15	77.7	126
HST-KLS1665-4013406.FASTQ.gz	FASTQ	DNA	2106656	158980849	15	75.5	125
HST-KLS1666-4013407.FASTQ.gz	FASTQ	DNA	2058011	159358897	15	77.4	128
HST-KLS1667-4013408.FASTQ.gz	FASTQ	DNA	2096869	159870014	15	76.2	124
HST-KLS1668-4013409.FASTQ.gz	FASTQ	DNA	2156914	166579279	15	77.2	128
HST-KLS1669-4013410.FASTQ.gz	FASTQ	DNA	2029807	160412296	15	79.0	126
HST-KLS1670-4013411.FASTQ.gz	FASTQ	DNA	2073775	159433590	15	76.9	124
HST-KLS1671-4013412.FASTQ.gz	FASTQ	DNA	2084350	159813222	15	76.7	128
HST-KLS1673-4013414.FASTQ.gz	FASTQ	DNA	2184359	164763126	15	75.4	127
HST-KLS1674-4013415.FASTQ.gz	FASTQ	DNA	2080886	156407262	15	75.2	126
HST-KLS1675-4013416.FASTQ.gz	FASTQ	DNA	2158719	160501297	15	74.4	128
HST-KLS1676-4013417.FASTQ.gz	FASTQ	DNA	2090071	173356745	15	82.9	127
HST-KLS1677-4013418.FASTQ.gz	FASTQ	DNA	1987293	157138701	15	79.1	126
HST-KLS1678-4013419.FASTQ.gz	FASTQ	DNA	2064220	162195807	15	78.6	128
HST-KLS1679-4013420.FASTQ.gz	FASTQ	DNA	2052158	154002165	15	75.0	124
HST-KLS1680-4013421.FASTQ.gz	FASTQ	DNA	2168732	159126768	15	73.4	127
HST-KLS1681-4013422.FASTQ.gz	FASTQ	DNA	2102749	151233717	15	71.9	124
HST-KLS1683-4013424.FASTQ.gz	FASTQ	DNA	2158150	173362115	15	80.3	127
HST-KLS1684-4013425.FASTQ.gz	FASTQ	DNA	2102796	151149498	15	71.9	126
HST-KLS1685-4013426.FASTQ.gz	FASTQ	DNA	2018629	149383831	15	74.0	124
HST-KLS1686-4013427.FASTQ.gz	FASTQ	DNA	2198629	164455058	15	74.8	126
HST-KLS1688-4013428.FASTQ.gz	FASTQ	DNA	2037578	146061337	15	71.7	126
HST-KLS1689-4013429.FASTQ.gz	FASTQ	DNA	2090629	156323594	15	74.8	126
HST-KLS1691-4013431.FASTQ.gz	FASTQ	DNA	2041014	149956593	15	73.5	128
HST-MT177-2892428.FASTQ.gz	FASTQ	DNA	880848	121557024	138	138.0	138
HST-MT215-2892384.FASTQ.gz	FASTQ	DNA	1329111	183417318	138	138.0	138
HST-MW04488-2562113.FASTQ.gz	FASTQ	DNA	1368516	188855208	138	138.0	138
HST-MW04720-2562110.FASTQ.gz	FASTQ	DNA	1530045	211146210	138	138.0	138
HST-MW04726-2562119.FASTQ.gz	FASTQ	DNA	1545285	213249330	138	138.0	138
HST-MW04726-2583998.FASTQ.gz	FASTQ	DNA	1228100	169477800	138	138.0	138
HST-SS170814-01-2562208.FASTQ.gz	FASTQ	DNA	1533043	211559934	138	138.0	138
HST-SS170814-01-2584010.FASTQ.gz	FASTQ	DNA	1135655	156720390	138	138.0	138
HST-SS170820-02-2892469.FASTQ.gz	FASTQ	DNA	1419016	195824208	138	138.0	138
HST-VU116-2892391.FASTQ.gz	FASTQ	DNA	1311241	180951258	138	138.0	138
HST-VU127-2562116.FASTQ.gz	FASTQ	DNA	1485858	205048404	138	138.0	138
HST-VU135-2892457.FASTQ.gz	FASTQ	DNA	1287386	177659268	138	138.0	138
HST-VU141-2562238.FASTQ.gz	FASTQ	DNA	1139014	157183932	138	138.0	138
HST-VU143-2892418.FASTQ.gz	FASTQ	DNA	1423609	196458042	138	138.0	138
HST-VU38-2892414.FASTQ.gz	FASTQ	DNA	1436988	198304344	138	138.0	138
