Species,Region,file,num_seqs_Raw,num_seqs_Trimmed,sum_len_Raw,sum_len_Trimmed
Aipysurus laevis,Ashmore,ALA-AL424-4013486,2318855,2033833,133313292,122370791
Aipysurus laevis,Ashmore,ALA-Al342-3991424,1683061,1477058,98387731,90781222
Aipysurus laevis,Ashmore,ALA-AL417-3991448,1695500,1501657,97484190,90681651
Aipysurus laevis,Ashmore,ALA-AL410-3991441,1444187,1316401,94984803,89816678
Aipysurus laevis,Ashmore,ALA-AL430-3991458,1705696,1518289,96603666,89416690
Aipysurus laevis,Ashmore,ALA-Al272-3991284,1500452,1338739,95372494,89024275
Aipysurus laevis,Ashmore,ALA-Al292-3991300,1582358,1422765,94794913,88632817
Aipysurus laevis,Ashmore,ALA-AL402-3991433,1469147,1336507,93628525,88382064
Aipysurus laevis,Ashmore,ALA-Al003-3991431,1528097,1361054,95020155,88186157
Aipysurus laevis,Ashmore,ALA-Al290-3991298,1492293,1352540,93138410,87846773
Aipysurus laevis,Ashmore,ALA-AL415-3991446,1404049,1278559,93110623,87845617
Aipysurus laevis,Ashmore,ALA-AL409-3991440,1433078,1309997,93054166,87449681
Aipysurus laevis,Ashmore,ALA-Al319-3991316,1586983,1395946,94131594,87225927
Aipysurus laevis,Ashmore,ALA-AL429-3991457,1583985,1405170,93514935,87159884
Aipysurus laevis,Ashmore,ALA-Al303-3991309,1526385,1377782,92658553,87149001
Aipysurus laevis,Ashmore,ALA-Al346-3991426,1577917,1415048,93238819,87086532
Aipysurus laevis,Ashmore,ALA-Al344-3991425,1525180,1365300,92789895,87011399
Aipysurus laevis,Ashmore,ALA-Al320-3991317,1566286,1386629,92978811,86621037
Aipysurus laevis,Ashmore,ALA-Al308-3991314,1458238,1302986,92316139,86123266
Aipysurus laevis,Ashmore,ALA-AL407-3991438,1533610,1364347,92454416,85908043
Aipysurus laevis,Ashmore,ALA-Al331-3991420,1397218,1273431,91068597,85875503
Aipysurus laevis,Ashmore,ALA-Al286-3991295,1618814,1425065,92682838,85865565
Aipysurus laevis,Ashmore,ALA-Al324-3991415,1392742,1258178,91467839,85615377
Aipysurus laevis,Ashmore,ALA-Al297-3991304,1635012,1435564,92412405,85597137
Aipysurus laevis,Ashmore,ALA-Al307-3991313,1515198,1354238,91353714,85592275
Aipysurus laevis,Ashmore,ALA-AL426-3991455,1424350,1305831,90608371,85538931
Aipysurus laevis,Ashmore,ALA-Al301-3991307,1439250,1305989,90785880,85454266
Aipysurus laevis,Ashmore,ALA-Al306-3991312,1412715,1282807,90488118,85430829
Aipysurus laevis,Ashmore,ALA-Al333-3991421,1400304,1276207,90951370,85369509
Aipysurus laevis,Ashmore,ALA-AL413-3991444,1372684,1255473,90113186,85172158
Aipysurus laevis,Ashmore,ALA-AL420-3991451,1500650,1343865,91034444,85165911
Aipysurus laevis,Ashmore,ALA-AL408-3991439,1415995,1296219,90070207,85141144
Aipysurus laevis,Ashmore,ALA-Al281-3991291,1510134,1360196,90544087,85003705
Aipysurus laevis,Ashmore,ALA-AL422-3991452,1572095,1400103,91424730,84863232
Aipysurus laevis,Ashmore,ALA-AL412-3991443,1454045,1322989,89690359,84479679
Aipysurus laevis,Ashmore,ALA-AL432-3991460,1537799,1364956,90946518,84477492
Aipysurus laevis,Ashmore,ALA-Al285-3991294,1481820,1333250,89587830,84093848
Aipysurus laevis,Ashmore,ALA-AL414-3991445,1411620,1263828,89680318,83800469
Aipysurus laevis,Ashmore,ALA-AL403-3991434,1368121,1255430,88690813,83773454
Aipysurus laevis,Ashmore,ALA-Al295-3991302,1577949,1423027,89241102,83756097
Aipysurus laevis,Ashmore,ALA-AL436-3991464,1758962,1516811,91640455,83741038
Aipysurus laevis,Ashmore,ALA-AL442-3991469,1476608,1322705,89249077,83564064
Aipysurus laevis,Ashmore,ALA-Al299-3991305,1409703,1286124,88594005,83548069
Aipysurus laevis,Ashmore,ALA-AL431-3991459,1464355,1315439,89089817,83525823
Aipysurus laevis,Ashmore,ALA-Al326-3991417,1604942,1414753,90226495,83496806
Aipysurus laevis,Ashmore,ALA-Al291-3991299,1638930,1438987,89772926,83219870
Aipysurus laevis,Ashmore,ALA-Al278-3991288,1376417,1247463,88004000,82912080
Aipysurus laevis,Ashmore,ALA-AL419-3991450,1711641,1477282,90391659,82744075
Aipysurus laevis,Ashmore,ALA-AL433-3991461,1417206,1279032,87760772,82677225
Aipysurus laevis,Ashmore,ALA-Al305-3991311,1582291,1391179,88651699,82118302
Aipysurus laevis,Ashmore,ALA-Al338-3991423,1516993,1341645,88481047,82106854
Aipysurus laevis,Ashmore,ALA-AL404-3991435,1309487,1196295,86374532,81895015
Aipysurus laevis,Ashmore,ALA-Al296-3991303,1523613,1350768,87938040,81800427
Aipysurus laevis,Ashmore,ALA-Al280-3991290,1498013,1350081,86958447,81640022
Aipysurus laevis,Ashmore,ALA-AL406-3991437,1377072,1249507,86815057,81477966
Aipysurus laevis,Ashmore,ALA-AL411-3991442,1291368,1180574,86197458,81345541
Aipysurus laevis,Ashmore,ALA-Al336-3991422,1529300,1350629,87681006,81264030
Aipysurus laevis,Ashmore,ALA-Al321-3991414,1594329,1393080,87710600,81060685
Aipysurus laevis,Ashmore,ALA-Al293-3991301,1640676,1434769,87516079,81038537
Aipysurus laevis,Ashmore,ALA-Al275-3991286,1490395,1318416,86866618,80895699
Aipysurus laevis,Ashmore,ALA-AL427-3991456,1400330,1264722,86330095,80753100
Aipysurus laevis,Ashmore,ALA-Al282-3991292,1453282,1305868,86069752,80666363
Aipysurus laevis,Ashmore,ALA-AL418-3991449,1530763,1357696,87104926,80615529
Aipysurus laevis,Ashmore,ALA-Al287-3991296,1440874,1299425,85397799,80314692
Aipysurus laevis,Ashmore,ALA-Al304-3991310,1503893,1352556,85570251,80244096
Aipysurus laevis,Ashmore,ALA-Al302-3991308,1508427,1321337,86592346,80188606
Aipysurus laevis,Ashmore,ALA-AL425-3991454,1564449,1364226,87141315,80062205
Aipysurus laevis,Ashmore,ALA-Al279-3991289,1484727,1301699,85714070,79571478
Aipysurus laevis,Ashmore,ALA-Al318-3991315,1535547,1356447,85812164,79527030
Aipysurus laevis,Ashmore,ALA-Al277-3991287,1377899,1241599,85069573,79505073
Aipysurus laevis,Ashmore,ALA-Al274-3991285,1352586,1204239,85763535,79374520
Aipysurus laevis,Ashmore,ALA-AL441-3991468,1724463,1486739,87069688,79215029
Aipysurus laevis,Ashmore,ALA-Al329-3991419,1504874,1316740,85453863,78981534
Aipysurus laevis,Ashmore,ALA-AL405-3991436,1502182,1315177,85572321,78918335
Aipysurus laevis,Ashmore,ALA-Al327-3991418,1541208,1341584,85581547,78902794
Aipysurus laevis,Ashmore,ALA-AL435-3991463,1580264,1362169,85644076,78444768
Aipysurus laevis,Ashmore,ALA-Al283-3991293,1343630,1208227,83351406,78224194
Aipysurus laevis,Ashmore,ALA-AL423-3991453,1506733,1317070,84913272,78182383
Aipysurus laevis,Ashmore,ALA-Al288-3991297,1422535,1284692,82545616,77398140
Aipysurus laevis,Ashmore,ALA-Al325-3991416,1708329,1384035,89645341,76507031
Aipysurus laevis,Ashmore,ALA-AL439-3991466,1659793,1399856,84456391,76305363
Aipysurus laevis,Ashmore,ALA-AL437-3991465,1797491,1466690,86767628,76081347
Aipysurus laevis,Ashmore,ALA-Al300-3991306,1622763,1349481,80197080,71715126
Aipysurus laevis,Ashmore,ALA-AL416-3991447,1171213,1081327,75379716,71054322
Aipysurus laevis,Ashmore,ALA-AL434-3991462,1168041,1038514,68471622,63929051
Aipysurus laevis,Ashmore,ALA-AL440-3991467,1537479,1248756,71910794,62448178
Aipysurus laevis,Ashmore Reef,ALA-Al4-2562181,1366188,1146264,188533944,89055483
Aipysurus laevis,Broome,ALA-KLS1661-4013402,2107411,1963169,159676418,151659907
Aipysurus laevis,Broome,ALA-KLS1682-4013423,2151878,1946589,160616135,147277439
Aipysurus laevis,Broome,ALA-KLS1690-4013430,2014498,1864811,155691552,146190184
Aipysurus laevis,Broome,ALA-KLS1664-4013405,2056689,1904032,154915199,146181199
Aipysurus laevis,Broome,ALA-KLS1663-4013404,1964428,1762678,155256286,139614089
Aipysurus laevis,Broome,ALA-KLS1168-2892413,1598087,1427030,220536006,116193911
Aipysurus laevis,Broome,ALA-KLS1163-2892427,1474455,1310735,203474790,108955575
Aipysurus laevis,Broome,ALA-KLS1121-2892381,1484952,1327178,204923376,108407655
Aipysurus laevis,Broome,ALA-KLS1162-2892512,1517706,1335482,209443428,107499873
Aipysurus laevis,Broome,ALA-KLS1165-2892485,1403104,1269899,193628352,104637300
Aipysurus laevis,Broome,ALA-KLS1140-2892558,1336014,1195507,184369932,103134168
Aipysurus laevis,Broome,ALA-KLS1167-2892579,1250080,1149156,172511040,101930018
Aipysurus laevis,Broome,ALA-KLS1170-2892511,1399095,1242013,193075110,100816143
Aipysurus laevis,Broome,ALA-KLS1161-2892441,1360761,1226134,187785018,99328701
Aipysurus laevis,Broome,ALA-KLS1165-2894771,1158478,1086165,159869964,99020978
Aipysurus laevis,Broome,ALA-KLS1169-2892448,1414967,1255608,195265446,98448171
Aipysurus laevis,Broome,ALA-KLS1167-2892484,1321949,1185498,182428962,98107760
Aipysurus laevis,Broome,ALA-KLS1166-2892541,1390397,1238395,191874786,96769973
Aipysurus laevis,Broome,ALA-KLS1165-2892580,1203061,1100071,166022418,96438545
Aipysurus laevis,Broome,ALA-KLS1121-2892571,1099266,1036635,151698708,94725058
Aipysurus laevis,Broome,ALA-AL401-3991432,1487777,1336783,92838445,86996586
Aipysurus laevis,Dampier Peninsula,ALA-KLS1373-3593328,2242814,2112053,185277524,176854979
Aipysurus laevis,Dampier Peninsula,ALA-KLS1413-3593437,2194652,2068874,183180669,174467896
Aipysurus laevis,Dampier Peninsula,ALA-KLS1415-3593359,2257404,2122780,182278648,174229305
Aipysurus laevis,Dampier Peninsula,ALA-KLS1413-3593365,2252538,2096939,181025855,171870912
Aipysurus laevis,Dampier Peninsula,ALA-KLS1363-3593317,2183625,2039725,178572471,170968058
Aipysurus laevis,Dampier Peninsula,ALA-KLS1366-3593364,2163087,2022715,175971215,168622815
Aipysurus laevis,Dampier Peninsula,ALA-KLS1366-3593436,1994003,1892035,167427668,161087162
Aipysurus laevis,Dampier Peninsula,ALA-KLS1415-3593431,1977118,1877211,168088276,160890405
Aipysurus laevis,Dampier Peninsula,ALA-VU47-2892477,1456372,1331193,200979336,109657513
Aipysurus laevis,Dampier Peninsula,ALA-VU37-2892482,1575258,1375250,217385604,109188763
Aipysurus laevis,Dampier Peninsula,ALA-VU21-2892380,1367206,1256311,188674428,106043802
Aipysurus laevis,Dampier Peninsula,ALA-VU15-2892510,1424417,1249791,196569546,101844277
Aipysurus laevis,Dampier Peninsula,ALA-VU33-2892383,1321249,1208013,182332362,98934681
Aipysurus laevis,Dampier Peninsula,ALA-VU20-2892394,1273012,1183610,175675656,98350244
Aipysurus laevis,Dampier Peninsula,ALA-VU33-2892573,1119872,1058955,154542336,93585397
Aipysurus laevis,Dampier Peninsula,ALA-VU21-2892570,1176464,1061697,162352032,91768593
Aipysurus laevis,Dampier Peninsula,ALA-VU50-2892527,1316782,1135416,181715916,90317423
Aipysurus laevis,Dampier Peninsula,ALA-KLS1387-3593387,2049644,774892,178351351,53257130
Aipysurus laevis,Eighty Mile Beach,ALA-KLS1205-3593357,2258663,2108893,182587936,175181607
Aipysurus laevis,Eighty Mile Beach,ALA-KLS1205-3593429,2049068,1917710,167399028,160807581
Aipysurus laevis,Eighty Mile Beach,ALA-VU51-2892500,1511075,1308859,208528350,106770630
Aipysurus laevis,Eighty Mile Beach,ALA-SS170822-02-2892495,1468227,1307097,202615326,104672549
Aipysurus laevis,Eighty Mile Beach,ALA-SS171011-03-2892496,1408155,1260661,194325390,102042203
Aipysurus laevis,Eighty Mile Beach,ALA-SS170822-01-2892589,1269916,1173317,175248408,100936197
Aipysurus laevis,Eighty Mile Beach,ALA-SS170822-01-2892494,1464887,1287296,202154406,100714253
Aipysurus laevis,Eighty Mile Beach,ALA-VU62-2892417,1365588,1248022,188451144,99641057
Aipysurus laevis,Eighty Mile Beach,ALA-VU53-2892376,1381176,1191606,190602288,96736897
Aipysurus laevis,Eighty Mile Beach,ALA-SS171011-03-2892591,1191489,1101750,164425482,93256741
Aipysurus laevis,Eighty Mile Beach,ALA-SS170822-03-2894754,1321447,1195648,182359686,91794219
Aipysurus laevis,Eighty Mile Beach,ALA-SS170822-03-2892528,1607257,1268420,221801466,88915964
Aipysurus laevis,Eighty Mile Beach,ALA-VU53-2892566,1045270,970608,144247260,83909985
Aipysurus laevis,Eighty Mile Beach,ALA-SS170820-05-2892447,1167675,1025532,161139150,83734516
Aipysurus laevis,Eighty Mile Beach,ALA-SS170822-02-2892590,1141734,991249,157559292,78269953
Aipysurus laevis,Eighty Mile Beach,ALA-SS170822-02-2894775,912524,863691,125928312,76876901
Aipysurus laevis,Exmouth Gulf,ALA-KLS1467-3593390,2234645,2089600,183395903,174979570
Aipysurus laevis,Exmouth Gulf,ALA-KLS1452-3593342,2233786,2071623,182951126,173207138
Aipysurus laevis,Exmouth Gulf,ALA-KLS1453-3593336,2155893,2021666,178491926,171555399
Aipysurus laevis,Exmouth Gulf,ALA-KLS1448-3593341,2249623,2080103,181830560,170474182
Aipysurus laevis,Exmouth Gulf,ALA-KLS1479-3593389,2163691,2024381,175066268,167156456
Aipysurus laevis,Exmouth Gulf,ALA-KLS1474-3593384,2241305,2035653,181027556,165655523
Aipysurus laevis,Exmouth Gulf,ALA-KLS1444-3593398,2269754,2087672,174337994,164854803
Aipysurus laevis,Exmouth Gulf,ALA-KLS1492-3593391,2139157,1996279,171767350,163741248
Aipysurus laevis,Exmouth Gulf,ALA-KLS0796-2892514,1579256,1422644,217937328,115249696
Aipysurus laevis,Exmouth Gulf,ALA-KLS0793-2892513,1556315,1365142,214771470,108763722
Aipysurus laevis,Exmouth Gulf,ALA-KLS0857-2892463,1415160,1261576,195292080,103256162
Aipysurus laevis,Exmouth Gulf,ALA-KLS0797-2892471,1361080,1204328,187829040,96994057
Aipysurus laevis,Exmouth Gulf,ALA-KLS0872-2892526,1407004,1208273,194166552,92937232
Aipysurus laevis,Exmouth Gulf,ALA-KLS0871-2892523,1497578,1231918,206665764,85145808
Aipysurus laevis,Gulf of Carpentaria,ALA-R37025-2892461,1440196,1310289,198747048,108566840
Aipysurus laevis,Gulf of Carpentaria,ALA-R29880-2892521,1574892,1386258,217335096,106574137
Aipysurus laevis,Gulf of Carpentaria,ALA-R37032-2892401,1460932,1292138,201608616,103599694
Aipysurus laevis,Gulf of Carpentaria,ALA-R37101-2892544,1573481,1370941,217140378,101757639
Aipysurus laevis,Gulf of Carpentaria,ALA-R37140-2892462,1435242,1275845,198063396,99672745
Aipysurus laevis,Gulf of Carpentaria,ALA-R37128-2892424,1319541,1211467,182096658,99490672
Aipysurus laevis,Gulf of Carpentaria,ALA-R37010-2892460,1488598,1346248,205426524,98823626
Aipysurus laevis,Gulf of Carpentaria,ALA-R37034-2892486,1332458,1201770,183879204,98751045
Aipysurus laevis,Gulf of Carpentaria,ALA-R37027-2892458,1241749,1161439,171361362,97359376
Aipysurus laevis,Gulf of Carpentaria,ALA-R37122-2892464,1350112,1233655,186315456,95722070
Aipysurus laevis,Gulf of Carpentaria,ALA-R36967-2892426,1139847,1073655,157298886,92810919
Aipysurus laevis,Gulf of Carpentaria,ALA-R37003-2892459,1234786,1122318,170400468,89462526
Aipysurus laevis,Gulf of Carpentaria,ALA-R29880-2562259,1233098,1086436,170167524,85527927
Aipysurus laevis,Gulf of Carpentaria,ALA-R36974-2892437,1173666,1069120,161965908,83811793
Aipysurus laevis,Gulf of Carpentaria,ALA-R37116-2892470,1416227,1210261,195439326,82146961
Aipysurus laevis,Gulf of Carpentaria,ALA-R37113-2892490,1607243,1245399,221799534,69028751
Aipysurus laevis,Gulf of Carpentaria,ALA-MAGNT-R36654-2583996,1241901,619286,171382338,43096644
Aipysurus laevis,Gulf of Carpentaria,ALA-MAGNT-R36654-2571090,1100234,602376,151832292,39535293
Aipysurus laevis,Gulf of Carpentaria,ALA-MAGNT-R36654-2562269,865531,507585,119443278,35337448
Aipysurus laevis,Heywood Shoal,ALA-VU132-2562114,1439384,1227245,198634992,94313394
Aipysurus laevis,Heywood Shoal,ALA-VU121-2562122,1566481,1274904,216174378,90215612
Aipysurus laevis,Heywood Shoal,ALA-VU130-2562201,1159850,1087615,160059300,88150680
Aipysurus laevis,Heywood Shoal,ALA-VU121-2584014,1278871,1075560,176484198,76027413
Aipysurus laevis,Heywood Shoal,ALA-VU130-2571062,757326,691112,104510988,54754038
Aipysurus laevis,New Caledonia,ALA-NC_Jan2019_217-2892446,1529786,1410476,211110468,117288125
Aipysurus laevis,New Caledonia,ALA-NC_Jan2019_213-2892489,1528518,1342039,210935484,105546310
Aipysurus laevis,New Caledonia,ALA-NC_Jan2019_247-2892476,1481093,1306541,204390834,104453559
Aipysurus laevis,New Caledonia,ALA-NC_Jan2019_271-2892518,1421764,1268003,196203432,102988241
Aipysurus laevis,New Caledonia,ALA-NC_Jan2019_208-2562133,1401320,1259991,193382160,100640760
Aipysurus laevis,New Caledonia,ALA-NC_Jan2019_227-2892537,1370293,1199213,189100434,96050836
Aipysurus laevis,New Caledonia,ALA-NC_Jan2019_282-2562143,1306854,1178292,180345852,94100478
Aipysurus laevis,New Caledonia,ALA-NC_Jan2019_275-3446981,1417360,1302027,98504832,92416370
Aipysurus laevis,New Caledonia,ALA-NC_Jan2019_213-2894774,1201672,1094239,165830736,91202178
Aipysurus laevis,New Caledonia,ALA-NC_Jan2019_269-3446978,1411543,1300352,92986135,87024884
Aipysurus laevis,New Caledonia,ALA-NC_Jan2019_282-2583999,1107616,998323,152851008,80317834
Aipysurus laevis,New Caledonia,ALA-NC_Jan2019_213-2892584,938671,865614,129536598,76291392
Aipysurus laevis,New Caledonia,ALA-NC_Jan2019_253-3446972,1183097,1087316,79363836,74311701
Aipysurus laevis,New Caledonia,ALA-NC_2019_247-2117816,1168232,1032766,96963256,57624138
Aipysurus laevis,New Caledonia,ALA-NC_2019_217-2117818,1081714,978368,89782262,55655857
Aipysurus laevis,Pilbara,ALA-KLS1555-3593323,2175354,2077687,189038350,182202414
Aipysurus laevis,Pilbara,ALA-KLS1526-3593438,2174985,2070306,181857210,175388049
Aipysurus laevis,Pilbara,ALA-KLS1549-3593354,2297352,2100772,188394907,174653708
Aipysurus laevis,Pilbara,ALA-KLS1526-3593366,2274617,2131494,180858686,173554713
Aipysurus laevis,Pilbara,ALA-KLS1548-3593373,2132975,2018140,172677610,165846921
Aipysurus laevis,Pilbara,ALA-KLS1548-3593445,2047643,1939558,170758263,164049448
Aipysurus laevis,Pilbara,ALA-KLS1549-3593426,2133508,1953311,174754699,161971092
Aipysurus laevis,Pilbara,ALA-SS170815-03-2892473,1513456,1362610,208856928,113327631
Aipysurus laevis,Pilbara,ALA-KLS0564-R174540-2892378,1436959,1345591,198300342,110789269
Aipysurus laevis,Pilbara,ALA-SS170816-01-2892493,1485738,1336415,205031844,107406369
Aipysurus laevis,Pilbara,ALA-SS170816-01-2562206,1345731,1236847,185710878,104401944
Aipysurus laevis,Pilbara,ALA-SS170809-03-2892475,1446223,1266587,199578774,103721151
Aipysurus laevis,Pilbara,ALA-SS170815-04-2892440,1444808,1276249,199383504,103681406
Aipysurus laevis,Pilbara,ALA-SS171105-01-2892472,1440653,1285818,198810114,103447885
Aipysurus laevis,Pilbara,ALA-SS171106-03-2892404,1421054,1310908,196105452,103340045
Aipysurus laevis,Pilbara,ALA-SS170808-06-2892529,1522612,1348804,210120456,102844295
Aipysurus laevis,Pilbara,ALA-SS171011-02-2892425,1288338,1210175,177790644,101963723
Aipysurus laevis,Pilbara,ALA-SS170813-01-2892422,1437326,1241987,198350988,101792117
Aipysurus laevis,Pilbara,ALA-SS171104-01-2892432,1335633,1223781,184317354,101597513
Aipysurus laevis,Pilbara,ALA-SS170810-01-2892386,1390089,1258912,191832282,101180287
Aipysurus laevis,Pilbara,ALA-SS170815-01-2892435,1348796,1223305,186133848,101011500
Aipysurus laevis,Pilbara,ALA-SS171018-02-2892517,1453366,1289131,200564508,100115277
Aipysurus laevis,Pilbara,ALA-SS170810-01-2892576,1182585,1120492,163196730,98525404
Aipysurus laevis,Pilbara,ALA-SS171106-02-2892479,1353398,1214599,186768924,97585126
Aipysurus laevis,Pilbara,ALA-SS171025-02-2892393,1339784,1197611,184890192,97509187
Aipysurus laevis,Pilbara,ALA-SS170809-01-2892375,1384732,1184063,191093016,92276653
Aipysurus laevis,Pilbara,ALA-SS170809-01-2892565,1123123,1051797,154990974,91488104
Aipysurus laevis,Pilbara,ALA-SS170808-01-2562218,1439446,1255248,198643548,90378752
Aipysurus laevis,Pilbara,ALA-SS171025-01-2892506,1264821,1149043,174545298,90068440
Aipysurus laevis,Pilbara,ALA-SS170816-01-2892588,1096755,1030485,151352190,89850807
Aipysurus laevis,Pilbara,ALA-SS170816-01-2584000,1277042,1129090,176231796,87570132
Aipysurus laevis,Pilbara,ALA-KLS0564-R174540-2892568,908522,868114,125376036,81049862
Aipysurus laevis,Pilbara,ALA-SS170820-01-2562217,978377,889753,135016026,64940174
Aipysurus laevis,Scott Reef,ALA-KLS0327-2892561,1376652,1230268,189977976,96938209
Aipysurus laevis,Scott Reef,ALA-KLS0339-2571096,753062,652427,103922556,49982107
Aipysurus laevis,Townsville,ALA-Al379-3991430,1602747,1436061,95526540,89068284
Aipysurus laevis,Townsville,ALA-Al378-3991429,1530545,1357639,89015923,82575958
Aipysurus laevis,Townsville,ALA-Al377-3991428,1679620,1436273,88159609,79868531
Aipysurus laevis,Townsville,ALA-Al376-3991427,1305157,1182389,84617157,79435835
Aipysurus laevis,NA,ALA-UAE275-2892543,1443331,1137588,199179678,90956892
Aipysurus laevis/tenuis hybrid,Den Blå Plantet,ALA-HybJ01-2892539,1448723,1292293,199923774,105249532
Aipysurus laevis/tenuis hybrid,Den Blå Plantet,ALA-HybJ03-2892503,1458168,1227385,201227184,88687278
Aipysurus pooleorum,Exmouth Gulf,APO-KLS1002-2562146,1332412,1198768,183872856,98661385
Aipysurus pooleorum,Exmouth Gulf,APO-KLS1002-2584015,1012671,931314,139748598,77166571
Aipysurus pooleorum,Shark Bay,APO-BD320-2892516,1551140,1383862,214057320,107505912
Aipysurus pooleorum,Shark Bay,APO-BD337-2892483,1511137,1346571,208536906,107327075
Aipysurus pooleorum,Shark Bay,APO-BD342-2892423,1402464,1268327,193540032,101287866
Aipysurus pooleorum,Shark Bay,APO-BD325-2892538,1510822,1323341,208493436,100113651
Aipysurus pooleorum,Shark Bay,APO-BD339-2892520,1469040,1272315,202727520,98287268
Aipysurus pooleorum,Shark Bay,APO-BD330-2892535,1437426,1234845,198364788,96937783
Aipysurus pooleorum,Shark Bay,APO-BD304-2892582,1169889,1082863,161444682,95167882
Aipysurus pooleorum,Shark Bay,APO-BD326-2892550,1493634,1256827,206121492,94972383
Aipysurus pooleorum,Shark Bay,APO-BD338-2892540,1402048,1235544,193482624,94180039
Aipysurus pooleorum,Shark Bay,APO-BD304-2892487,1352700,1202053,186672600,91288077
Aipysurus pooleorum,Shark Bay,APO-BD326-2894761,1315220,1153798,181500360,90172812
Aipysurus pooleorum,Shark Bay,APO-BD331-2892519,1293387,1153410,178487406,84858520
Aipysurus tenuis,Broome,ATE-HybFa01-2892515,1643842,1380324,226850196,90558635
Aipysurus tenuis,Broome,ATE-HybFa01-2894752,1107030,1003476,152770140,75310895
Aipysurus tenuis,Pilbara,ATE-SS171020-04-2562233,1217153,1057955,167967114,85460292
Aipysurus tenuis,Pilbara,ATE-SS171020-04-2584017,1211539,1046853,167192382,81992118
Aipysurus tenuis,NA,ATE-KLS1242-3593371,2218770,2086281,183150446,174567835
Aipysurus tenuis,NA,ATE-KLS1242-3593443,2179089,2048567,177111521,168785614
Aipysurus tenuis,NA,ATE-KLS1283-3446947,1327291,1235953,98760163,92570663
Hydrophis major,Broome,HMA-KLS0633-2117719,1944707,1742275,161410681,97771164
Hydrophis major,Broome,HMA-KLS0676-2117735,1616565,1448388,134174895,84812178
Hydrophis major,Broome,HMA-KLS1017-2117720,1557190,1358484,129246770,78728758
Hydrophis major,Broome,HMA-KLS0762-2117712,1466120,1219294,121687960,66736474
Hydrophis major,Broome,HMA-KLS1020-2117696,1408041,1170570,116867403,66320852
Hydrophis major,Broome,HMA-KLS0652-2117715,1334202,1163839,110738766,65931544
Hydrophis major,Broome,HMA-KLS0631-2117697,1296995,1089321,107650585,60755500
Hydrophis major,Broome,HMA-KLS0629-2117699,1282172,1073848,106420276,59000980
Hydrophis major,Broome,HMA-KLS1016-2117701,1191345,1047903,98881635,58884765
Hydrophis major,Broome,HMA-KLS0647-2117698,1269090,1070690,105334470,58320470
Hydrophis major,Broome,HMA-KLS0630-2117717,1191508,1024767,98895164,57967261
Hydrophis major,Broome,HMA-KLS0662-2117700,1163173,943918,96543359,52193772
Hydrophis major,Dampier Peninsula,HMA-KLS1416-3593319,2382531,2197869,190238266,181751654
Hydrophis major,Dampier Peninsula,HMA-KLS1421-3593374,2286300,2122471,183850204,176101958
Hydrophis major,Dampier Peninsula,HMA-KLS1379-3593334,2282693,2122484,181791166,174153738
Hydrophis major,Dampier Peninsula,HMA-VU46-2117754,1127367,933753,93571461,48928565
Hydrophis major,Eighty Mile Beach,HMA-VU61-2117705,1494160,1265691,124015280,71671571
Hydrophis major,Eighty Mile Beach,HMA-VU55-2117702,1160016,981930,96281328,55657347
Hydrophis major,Exmouth Gulf,HMA-KLS0801-2117727,1651901,1381531,137107783,78670208
Hydrophis major,Exmouth Gulf,HMA-KLS0933-2117744,1620565,1361446,134506895,73411034
Hydrophis major,Exmouth Gulf,HMA-KLS0813-2117730,1416688,1211062,117585104,67888281
Hydrophis major,Exmouth Gulf,HMA-KLS0799-2117731,1390032,1214277,115372656,67620537
Hydrophis major,Exmouth Gulf,HMA-KLS0808-2117740,1319894,1123143,109551202,62429973
Hydrophis major,Exmouth Gulf,HMA-KLS0901-2117709,1249302,1053145,103692066,58750372
Hydrophis major,Exmouth Gulf,HMA-KLS0898-2117745,1547679,1130058,128457357,58692277
Hydrophis major,Exmouth Gulf,HMA-KLS0798-2117733,1233499,1026354,102380417,57757479
Hydrophis major,Exmouth Gulf,HMA-KLS0913-2117749,1260084,1031879,104586972,57276944
Hydrophis major,Fraser Island,HMA-J87202-2117845,1454176,1222149,120696608,63119109
Hydrophis major,Fraser Island,HMA-J87200-2117846,1431956,1190121,118852348,61389093
Hydrophis major,Fraser Island,HMA-J87200-2133113,1448414,1136277,120218362,56100514
Hydrophis major,Fraser Island,HMA-J88474-2117828,1226397,1010851,101790951,52249701
Hydrophis major,Fraser Island,HMA-J89073-2117861,1247640,954171,103554120,47837622
Hydrophis major,Fraser Island,HMA-J88474-2133095,862498,752158,71587334,39206250
Hydrophis major,Gulf of Carpentaria,HMA-R36496-2117767,1626732,1382610,135018756,78863846
Hydrophis major,Gulf of Carpentaria,HMA-R37005-2117762,1500953,1266584,124579099,67532923
Hydrophis major,Gulf of Carpentaria,HMA-R36640-2117798,1301683,1135791,108039689,62838749
Hydrophis major,Gulf of Carpentaria,HMA-R36982-2117760,1558329,1206726,129341307,62530066
Hydrophis major,Gulf of Carpentaria,HMA-R37037-2117765,1329279,1096883,110330157,60971893
Hydrophis major,Gulf of Carpentaria,HMA-R29873-2117819,1271155,1086400,105505865,60562118
Hydrophis major,Gulf of Carpentaria,HMA-R36660-2117840,1236641,1060511,102641203,60101762
Hydrophis major,Gulf of Carpentaria,HMA-R37004-2117761,1442317,1170886,119712311,60065067
Hydrophis major,Gulf of Carpentaria,HMA-R37031-2117764,1319827,1089589,109545641,59785833
Hydrophis major,Gulf of Carpentaria,HMA-R37031-2133031,1186525,1011014,98481575,57066952
Hydrophis major,Gulf of Carpentaria,HMA-R36656-2117844,1296129,1046143,107578707,56523640
Hydrophis major,Gulf of Carpentaria,HMA-R37023-2117763,1425583,1075526,118323389,56323614
Hydrophis major,Gulf of Carpentaria,HMA-R37138-2117766,1247137,1034758,103512371,56048967
Hydrophis major,Gulf of Carpentaria,HMA-R36496-2133034,1086286,982120,90161738,55895011
Hydrophis major,Gulf of Carpentaria,HMA-R37037-2133032,1052845,971639,87386135,55756938
Hydrophis major,Gulf of Carpentaria,HMA-R37138-2133033,1136227,1013807,94306841,55291868
Hydrophis major,Gulf of Carpentaria,HMA-R37005-2133029,1139017,997187,94538411,54317979
Hydrophis major,Gulf of Carpentaria,HMA-R29875-2117836,1245796,989771,103401068,54211832
Hydrophis major,Gulf of Carpentaria,HMA-J84471-2117859,1157016,982323,96032328,52581929
Hydrophis major,Gulf of Carpentaria,HMA-R36982-2133027,1222130,966929,101436790,50216828
Hydrophis major,Gulf of Carpentaria,HMA-R37004-2133028,1033210,913121,85756430,47917844
Hydrophis major,Gulf of Carpentaria,HMA-R37023-2133030,1144904,901121,95027032,46714506
Hydrophis major,Gulf_of_Carpentaria,HMA-Dm032-4019825,1307358,1178275,74640776,70416274
Hydrophis major,Mornington_Island,HMA-Dm018-3991507,1534846,1349297,92347028,86229775
Hydrophis major,Mornington_Island,HMA-Dm005-3991500,1411546,1269529,90463056,85313327
Hydrophis major,Mornington_Island,HMA-Dm014-3991505,1459426,1271445,86961368,80580547
Hydrophis major,Mornington_Island,HMA-Dm007-3991501,1327081,1186098,84141503,79004770
Hydrophis major,Mornington_Island,HMA-Dm004-3991499,1412025,1225368,83165873,76484243
Hydrophis major,Mornington_Island,HMA-Dm010-3991503,1527082,1292016,81063894,73527357
Hydrophis major,Mornington_Island,HMA-Dm011-3991504,1498784,1250546,80326045,72727449
Hydrophis major,Mornington_Island,HMA-Dm001-3991498,1147634,929014,81500005,69270368
Hydrophis major,New Caledonia,HMA-NC_174-2117743,1724696,1500218,143149768,85923417
Hydrophis major,New Caledonia,HMA-NC_173-2117703,1723488,1408448,143049504,79241568
Hydrophis major,New Caledonia,HMA-NC_169-2117729,1635923,1378799,135781609,75557548
Hydrophis major,New Caledonia,HMA-NC_181-2117711,1327342,1209436,110169386,71339642
Hydrophis major,New Caledonia,HMA-NC_180-2117713,1441794,1187918,119668902,67347573
Hydrophis major,New Caledonia,HMA-NC_179-2117695,1400701,1172444,116258183,66894095
Hydrophis major,New Caledonia,HMA-NC_166-2117725,1224764,1085213,101655412,60985373
Hydrophis major,New Caledonia,HMA-NC_189-2117710,1293074,1070024,107325142,58413807
Hydrophis major,New Caledonia,HMA-NC_167-2117726,1081313,980826,89748979,56762539
Hydrophis major,New Caledonia,HMA-NC_176-2117714,981455,842092,81460765,46595659
Hydrophis major,Pilbara,HMA-KLS1522-3593369,2327960,2167757,186267715,178957523
Hydrophis major,Pilbara,HMA-KLS1554-3593316,2229153,2078433,181772857,174901674
Hydrophis major,Pilbara,HMA-KLS1553-3593325,2143898,2023106,179561502,173268624
Hydrophis major,Pilbara,HMA-KLS1514-3593378,2152587,2019527,174064072,167802314
Hydrophis major,Pilbara,HMA-KLS1522-3593441,2095962,1953978,172439807,165791245
Hydrophis major,Pilbara,HMA-SS170809_02-2117728,1586933,1325339,131715439,72371807
Hydrophis major,Pilbara,HMA-SS171024_01-2117723,1496136,1257794,124179288,68928952
Hydrophis major,Pilbara,HMA-SS170812_01-2117751,1588544,1215319,131849152,64351893
Hydrophis major,Pilbara,HMA-SS170814_02-2117746,1432381,1160193,118887623,61549931
Hydrophis major,Pilbara,HMA-SS170820_01-2117747,1456030,1119256,120850490,59749840
Hydrophis major,Pilbara,HMA-SS170818_01-2117748,1143631,928650,94921373,50573886
Hydrophis major,Shark Bay,HMA-WAM-R154978-2562207,1602903,1450075,221200614,108580065
Hydrophis major,Shark Bay,HMA-WAM-R154981-2562169,1561918,1267031,215544684,88097876
Hydrophis major,Shark Bay,HMA-WAM-R154980-2562264,1272981,1074451,175671378,76766762
Hydrophis major,Shark Bay,HMA-WAM-R154978-2584005,1292684,1059628,178390392,74547913
Hydrophis major,Shark Bay,HMA-R154981-2117752,1696960,1309718,140847680,67856245
Hydrophis major,Shark Bay,HMA-WAMR154978-2117736,721543,495370,59888069,24139441
Hydrophis major,Shark_Bay,HMA-KLS1699-4013439,2111631,1960176,163446833,156680298
Hydrophis major,Shark_Bay,HMA-KLS1697-4013437,2012764,1888847,160987247,154743115
Hydrophis major,Shark_Bay,HMA-KLS1692-4013432,2044228,1907637,159981273,153536635
Hydrophis major,Shark_Bay,HMA-KLS1711-4013451,2046670,1895042,158921873,152321497
Hydrophis major,Shark_Bay,HMA-KLS1703-4013443,1946766,1821077,157195910,150285191
Hydrophis major,Shark_Bay,HMA-KLS1705-4013445,1979841,1848513,153655263,147466220
Hydrophis major,Shark_Bay,HMA-KLS1694-4013434,2026301,1861982,154152098,147042721
Hydrophis major,Weipa,HMA-Dm008-3991502,1125348,1005936,82083612,76267414
Hydrophis major,NA,HMA-KLS1538-3593349,2269152,2110824,181304444,174223866
Hydrophis major,NA,HMA-10-3991225,1497534,1325923,90236888,83882064
Hydrophis major,NA,HMA-Dm015-3991506,1351757,1191270,82761043,77126873
Hydrophis major,NA,HMA-Dm045_was_He078-4019826,957927,881989,73650728,70247806
Hydrophis major,NA,HMA-Dm029-4019824,1232849,1113057,71653149,67575422
Hydrophis major,NA,HMA-Dm028-3991509,1092086,987831,67706073,64273170
Hydrophis major,NA,HMA-MAGNT-R36643-2117742,1210613,1072959,100480879,61146576
Hydrophis stokesii,Ashmore,HST-As008-3991483,1530646,1302922,79536767,72840652
Hydrophis stokesii,Broome,HST-KLS1159-3593340,2239852,2098801,186841948,179155917
Hydrophis stokesii,Broome,HST-KLS1158-3593383,2257392,2099519,179316210,171780826
Hydrophis stokesii,Broome,HST-KLS1157-3593388,2141375,2004084,176329439,169133520
Hydrophis stokesii,Broome,HST-KLS1676-4013417,2090071,1955050,173356745,165078558
Hydrophis stokesii,Broome,HST-KLS1683-4013424,2158150,2008529,173362115,165034351
Hydrophis stokesii,Broome,HST-KLS1668-4013409,2156914,1981713,166579279,157881268
Hydrophis stokesii,Broome,HST-KLS1686-4013427,2198629,2021698,164455058,156360765
Hydrophis stokesii,Broome,HST-KLS1673-4013414,2184359,2008000,164763126,155884761
Hydrophis stokesii,Broome,HST-KLS1678-4013419,2064220,1913250,162195807,154881625
Hydrophis stokesii,Broome,HST-KLS1669-4013410,2029807,1887888,160412296,153646442
Hydrophis stokesii,Broome,HST-KLS1667-4013408,2096869,1947111,159870014,152519072
Hydrophis stokesii,Broome,HST-KLS1666-4013407,2058011,1900259,159358897,151874308
Hydrophis stokesii,Broome,HST-KLS1671-4013412,2084350,1923973,159813222,151758016
Hydrophis stokesii,Broome,HST-KLS1675-4013416,2158719,1988813,160501297,151276117
Hydrophis stokesii,Broome,HST-KLS1677-4013418,1987293,1852569,157138701,150228434
Hydrophis stokesii,Broome,HST-KLS1665-4013406,2106656,1923536,158980849,150015920
Hydrophis stokesii,Broome,HST-KLS1670-4013411,2073775,1906556,159433590,149540335
Hydrophis stokesii,Broome,HST-KLS1674-4013415,2080886,1910581,156407262,148611022
Hydrophis stokesii,Broome,HST-KLS1680-4013421,2168732,1949922,159126768,147480353
Hydrophis stokesii,Broome,HST-KLS1689-4013429,2090629,1909215,156323594,147381392
Hydrophis stokesii,Broome,HST-KLS1679-4013420,2052158,1887635,154002165,146338254
Hydrophis stokesii,Broome,HST-KLS1684-4013425,2102796,1935626,151149498,143431988
Hydrophis stokesii,Broome,HST-KLS1681-4013422,2102749,1918707,151233717,143189579
Hydrophis stokesii,Broome,HST-KLS1691-4013431,2041014,1868636,149956593,142215950
Hydrophis stokesii,Broome,HST-KLS1685-4013426,2018629,1846398,149383831,141518677
Hydrophis stokesii,Broome,HST-KLS1688-4013428,2037578,1829830,146061337,136507069
Hydrophis stokesii,Broome,HST-KLS1662-4013403,1806498,1666723,140413106,133861259
Hydrophis stokesii,Broome,HST-KLS0636-2562216,1556895,1391780,214851510,111003847
Hydrophis stokesii,Broome,HST-KLS0634-2892478,1432515,1285552,197687070,106479761
Hydrophis stokesii,Broome,HST-KLS0528-2892531,1486271,1274835,205105398,101566296
Hydrophis stokesii,Broome,HST-KLS0682-2892504,1491848,1269675,205875024,100053987
Hydrophis stokesii,Broome,HST-KLS0677-2892491,1480980,1253920,204375240,98987815
Hydrophis stokesii,Broome,HST-KLS0566-2892525,1458635,1267771,201291630,98882772
Hydrophis stokesii,Broome,HST-KLS0687-2892451,1373443,1217148,189535134,98665129
Hydrophis stokesii,Broome,HST-KLS0679-2892438,1480528,1262502,204312864,98453340
Hydrophis stokesii,Broome,HST-KLS0675-2892455,1422104,1246979,196250352,98303346
Hydrophis stokesii,Broome,HST-KLS0678-2892468,1367500,1234674,188715000,97850235
Hydrophis stokesii,Broome,HST-KLS0527-2892409,1307776,1182458,180473088,97742301
Hydrophis stokesii,Broome,HST-KLS0680-2892474,1495278,1263343,206348364,97307611
Hydrophis stokesii,Broome,HST-KLS0686-2892505,1454862,1244034,200770956,96389881
Hydrophis stokesii,Broome,HST-KLS0573-2892480,1544501,1289074,213141138,95945670
Hydrophis stokesii,Broome,HST-KLS0490-2892593,1250840,1142535,172615920,94916156
Hydrophis stokesii,Broome,HST-KLS0681-2892443,1382339,1219075,190762782,94727407
Hydrophis stokesii,Broome,HST-KLS0677-2892586,1155750,1076975,159493500,94634412
Hydrophis stokesii,Broome,HST-KLS0635-2562180,1297878,1142060,179107164,90945068
Hydrophis stokesii,Broome,HST-KLS0490-2892498,1414500,1216857,195201000,90230517
Hydrophis stokesii,Broome,HST-KLS0604-2892450,1445294,1247664,199450572,88352896
Hydrophis stokesii,Broome,HST-KLS0660-2892454,1480854,1254117,204357852,85457917
Hydrophis stokesii,Dampier Peninsula,HST-KLS1385-3593310,2396387,2229768,194523742,186160683
Hydrophis stokesii,Dampier Peninsula,HST-KLS1371-3593312,2392187,2210813,192709353,184155000
Hydrophis stokesii,Dampier Peninsula,HST-KLS1419-3593306,2300177,2126798,189977631,179730888
Hydrophis stokesii,Dampier Peninsula,HST-KLS1372-3593318,2241853,2105307,184751716,177400189
Hydrophis stokesii,Dampier Peninsula,HST-KLS1384-3593379,2221506,2068701,184797602,176623611
Hydrophis stokesii,Dampier Peninsula,HST-KLS1370-3593333,2254611,2107433,184408062,176492413
Hydrophis stokesii,Dampier Peninsula,HST-KLS1429-3593311,2195767,2059553,183310685,175717472
Hydrophis stokesii,Dampier Peninsula,HST-KLS1424-3593329,2221976,2074400,183461634,175709417
Hydrophis stokesii,Dampier Peninsula,HST-KLS1420-3593353,2280567,2121539,184506702,175689102
Hydrophis stokesii,Dampier Peninsula,HST-KLS1367-3593339,2308491,2137133,183308939,175047230
Hydrophis stokesii,Dampier Peninsula,HST-KLS1414-3593346,2147540,2015303,177990618,170786584
Hydrophis stokesii,Dampier Peninsula,HST-KLS1380-3593381,2141567,2014018,175910253,168677471
Hydrophis stokesii,Dampier Peninsula,HST-KLS1417-3593370,2170197,2011897,171984940,164315569
Hydrophis stokesii,Dampier Peninsula,HST-KLS1369-3593347,2111894,1972438,172067288,163805235
Hydrophis stokesii,Dampier Peninsula,HST-KLS1418-3593309,2117057,1964791,169721109,161994180
Hydrophis stokesii,Dampier Peninsula,HST-KLS1412-3593322,2109311,1988378,167863503,161037581
Hydrophis stokesii,Dampier Peninsula,HST-KLS1422-3593399,2202670,2005673,167919383,158850828
Hydrophis stokesii,Dampier Peninsula,HST-KLS1417-3593442,2021531,1885083,165458115,158485613
Hydrophis stokesii,Dampier Peninsula,HST-VU38-2892414,1436988,1283826,198304344,105582432
Hydrophis stokesii,Eighty Mile Beach,HST-KLS1204-3593361,2292546,2128651,184749117,176606011
Hydrophis stokesii,Eighty Mile Beach,HST-KLS1206-3593330,2133151,2014296,180379679,173817148
Hydrophis stokesii,Eighty Mile Beach,HST-KLS1204-3593433,2031380,1898302,168097022,160966063
Hydrophis stokesii,Eighty Mile Beach,HST-KLS1204-2892421,1472529,1277217,203209002,104061820
Hydrophis stokesii,Eighty Mile Beach,HST-SS170820-02-2892469,1419016,1272831,195824208,103116058
Hydrophis stokesii,Eighty Mile Beach,HST-KLS1206-2892416,1389594,1232735,191763972,99976520
Hydrophis stokesii,Eighty Mile Beach,HST-KLS1227-2892412,1307817,1156495,180478746,95923011
Hydrophis stokesii,Exmouth Gulf,HST-KLS0883-2892509,1525159,1382383,210471942,111076709
Hydrophis stokesii,Exmouth Gulf,HST-KLS0795-2892379,1531517,1356222,211349346,110979706
Hydrophis stokesii,Exmouth Gulf,HST-KLS0843-2892452,1578535,1378776,217837830,109791892
Hydrophis stokesii,Exmouth Gulf,HST-KLS0983-2892406,1476100,1335847,203701800,109540955
Hydrophis stokesii,Exmouth Gulf,HST-KLS0858-2892456,1336927,1242115,184495926,106069892
Hydrophis stokesii,Exmouth Gulf,HST-KLS0923-2892400,1341673,1246776,185150874,104927049
Hydrophis stokesii,Exmouth Gulf,HST-KLS0896-2892403,1415907,1289160,195395166,104826271
Hydrophis stokesii,Exmouth Gulf,HST-KLS0886-2892390,1661401,1437419,229273338,104073944
Hydrophis stokesii,Exmouth Gulf,HST-KLS0804-2892392,1421976,1267411,196232688,100770564
Hydrophis stokesii,Exmouth Gulf,HST-KLS0794-2562199,1314566,1192238,181410108,99629578
Hydrophis stokesii,Exmouth Gulf,HST-KLS1274-2892410,1341702,1182545,185154876,98861337
Hydrophis stokesii,Exmouth Gulf,HST-KLS0938-2892388,1284408,1174122,177248304,98675099
Hydrophis stokesii,Exmouth Gulf,HST-KLS0986-2892407,1373996,1183983,189611448,94361218
Hydrophis stokesii,Exmouth Gulf,HST-KLS1273-2892431,1237625,1096093,170792250,89726666
Hydrophis stokesii,Exmouth Gulf,HST-KLS0897-2892551,1507384,1196121,208018992,86606625
Hydrophis stokesii,Exmouth Gulf,HST-KLS0795-2894769,952934,906721,131504892,84280941
Hydrophis stokesii,Exmouth Gulf,HST-KLS0938-2892578,907836,874181,125281368,83884569
Hydrophis stokesii,Exmouth Gulf,HST-KLS0795-2892569,928908,886618,128189304,83254235
Hydrophis stokesii,Exmouth Gulf,HST-KLS0941-2892545,1273447,1054370,175735686,77726040
Hydrophis stokesii,Exmouth Gulf,HST-KLS0938-2894770,821441,777182,113358858,73245884
Hydrophis stokesii,Exmouth Gulf,HST-KLS0847-2892542,1396476,1138593,192713688,68824988
Hydrophis stokesii,Exmouth Gulf,HST-KLS0897-2894762,709826,648630,97955988,52693388
Hydrophis stokesii,Gulf_of_Carpentaria,HST-As007-3991482,1455735,1285389,88277515,82613668
Hydrophis stokesii,Gulf_of_Carpentaria,HST-As011-3991486,1661721,1430244,86561600,79668876
Hydrophis stokesii,Gulf_of_Carpentaria,HST-As005-3991480,1235926,1085462,86207867,78756459
Hydrophis stokesii,Gulf_of_Carpentaria,HST-As004-3991479,1230740,1089703,84813232,78057436
Hydrophis stokesii,Gulf_of_Carpentaria,HST-As010-3991485,1540675,1326185,81944855,75381541
Hydrophis stokesii,Gulf_of_Carpentaria,HST-As006-3991481,1411139,1223960,80813508,75151816
Hydrophis stokesii,Heywood Shoal,HST-VU116-2892391,1311241,1212240,180951258,103164165
Hydrophis stokesii,Heywood Shoal,HST-VU143-2892418,1423609,1230784,196458042,98492082
Hydrophis stokesii,Heywood Shoal,HST-VU135-2892457,1287386,1133671,177659268,95228371
Hydrophis stokesii,Heywood Shoal,HST-VU127-2562116,1485858,1252409,205048404,94067973
Hydrophis stokesii,Heywood Shoal,HST-VU141-2562238,1139014,1011696,157183932,81283933
Hydrophis stokesii,Hibernia Reef,HST-KLS0362-2562256,1331450,722927,183740100,52921217
Hydrophis stokesii,Hibernia Reef,HST-KLS0360-2562274,1419725,645129,195922050,40673869
Hydrophis stokesii,Hibernia Reef,HST-KLS0360-2584024,1398554,593376,193000452,36593413
Hydrophis stokesii,Pilbara,HST-KLS1515-3593385,2257188,2129847,182090600,174991361
Hydrophis stokesii,Pilbara,HST-KLS1517-3593427,2132734,2024381,180435096,173930813
Hydrophis stokesii,Pilbara,HST-KLS1528-3593321,2212821,2073336,180102016,173147033
Hydrophis stokesii,Pilbara,HST-KLS1556-3593324,2195597,2049260,178973973,171426093
Hydrophis stokesii,Pilbara,HST-KLS1544-3593344,2181050,2043848,177675405,170481497
Hydrophis stokesii,Pilbara,HST-KLS1517-3593355,2211222,2062903,176459761,169225762
Hydrophis stokesii,Pilbara,HST-KLS1541-3593313,2204755,2012501,162621142,154421546
Hydrophis stokesii,Pilbara,HST-KLS1182-2892449,1651319,1463023,227882022,120156371
Hydrophis stokesii,Pilbara,HST-SS170814-01-2562208,1533043,1351979,211559934,108539202
Hydrophis stokesii,Pilbara,HST-KLS1173-2892444,1403044,1249675,193620072,102721613
Hydrophis stokesii,Pilbara,HST-KLS1200-2892434,1309794,1185744,180751572,97193066
Hydrophis stokesii,Pilbara,HST-KLS0559-2892567,1172650,1099728,161825700,94537448
Hydrophis stokesii,Pilbara,HST-KLS0559-2892377,1418578,1212456,195763764,93215161
Hydrophis stokesii,Pilbara,HST-SS170814-01-2584010,1135655,1028278,156720390,79836552
Hydrophis stokesii,SULAWESI SELATAN,HST-MT215-2892384,1329111,1251445,183417318,103340681
Hydrophis stokesii,SULAWESI SELATAN,HST-MW04720-2562110,1530045,1316869,211146210,97940029
Hydrophis stokesii,SULAWESI SELATAN,HST-MW04726-2562119,1545285,1321383,213249330,90581543
Hydrophis stokesii,SULAWESI SELATAN,HST-MW04726-2583998,1228100,1034086,169477800,71601388
Hydrophis stokesii,SULAWESI SELATAN,HST-MT177-2892428,880848,815733,121557024,65704870
Hydrophis stokesii,Weipa,HST-MW04488-2562113,1368516,1201118,188855208,90609615
Hydrophis stokesii,NA,HST-As012-3991487,1362321,1202396,86786739,81150158
Hydrophis stokesii,NA,HST-As009-3991484,1382062,1205741,83943551,78161062
Hydrophis stokesii,NA,HST-J82337-2562260,1413075,864695,195004350,65841772
