,0,1,2,3,4,5,6,7,8,9,10,11,12,13,14,15,16,17,18,19,20,21,22,23,24,25,26,27,28,29,30,31,32,33,34,35,36,37,38,39,40,41,42,43,44,45,46,47,48
HMA-KLS0629-2117699,-3.037860475984785,1.8029837577045877,1.71775847466823,0.07468114316371935,-4.358901062815337,1.6536248239271087,1.3743831047645572,-4.192330950430051,0.565248349209227,-2.4287746621134207,1.2776667474642727,-2.2363968650697346,5.601180316918415,0.9036078759914858,0.5999439026675131,-2.489372100754531,1.1438799033853209,1.169923666697513,-0.0978958086494813,1.8904986982767387,0.13494962978078406,-0.22668525717300753,-0.5191054944910986,0.9861858358309034,1.7558632229544962,2.199788620946032,0.4121412219185851,-2.5201199556062055,-0.983100161878989,-1.0939270997775927,-1.1482805777626683,-0.7806941444410732,-2.1152758564259493,1.3284387622181002,0.5713594525903525,-1.511614820510848,-0.7810110737054943,-2.500686889180408,-1.4658815425110083,1.7276205785112473,-0.6170420692540814,-0.36704103197583016,2.014806637978663,-1.654252165657189,-0.249753585117803,-2.474796496852338,-1.8309291169922366,0.04409888488999944,1.6375789613221059e-15
HMA-KLS0630-2117717,-1.2479552983388262,2.1942421519144,-2.848806149000732,-1.8609894736072556,-0.7931683874370539,-0.4040539734021887,-3.7763231598856537,-1.6584837517686106,-0.3769025858782008,-0.6208150728597299,-2.2784545497834476,-0.5248499484491539,1.9346103807250135,-1.0514336932993609,-0.6026903301038171,0.763100315550364,0.3157561649053381,-1.417913312423725,-0.1141681851924497,0.1753764404417003,1.6244464946982018,-0.9415887126601079,2.119227326389875,-3.086765777339116,-2.4270153915867607,-1.3832220421376769,-2.519506911452719,3.65019970206077,-1.715596351313333,-0.8870845740399756,-0.5165781736952706,2.4771406296033223,-0.7608798344647879,-2.384731045033112,-3.5380428453938446,1.477611889644519,1.4708494892934487,-2.023076534788147,1.7951785299583132,1.0670135366272664,-1.849689045852316,0.4260018504100015,2.3811430131075735,-2.43773636589314,-0.7344821297136633,0.5837671580897078,0.31907157322191415,0.019456686160031933,8.784639682346551e-15
HMA-KLS0631-2117697,-1.4111701029154244,1.9683502407927418,0.7365016170300116,0.6895596821944149,2.172135051062442,-0.6667687943672386,-4.037108816802325,-0.7098777097452675,0.6251076290256031,-3.476208743972232,-0.47027474318416707,-2.2234281886002365,-0.30063884679497305,-1.740384770828739,-2.1168435943341652,2.221220859578705,-3.123523466633437,-0.8425921498443462,-1.992189062372634,3.822579911811711,2.3330855028149893,-2.5210356851697413,-3.1471808974753426,-1.584096164364669,1.2031023030650716,1.2481464385577836,-0.530247764672961,-2.7420246703963427,-2.467495057532702,0.23098484203037917,2.3120840537516165,-0.5819185882691019,2.4899752913634616,-0.07350469609779531,2.02906670497432,-0.27980447908525025,1.407616384247723,-2.209519501850627,0.7839472504011914,-0.31619723201122835,-0.4913156718589132,-0.9721375442652099,-1.903982130076193,1.7132365364249023,0.3973237527931654,-0.09504267881325817,1.8540240619584734,-0.023627807367604253,2.9629076969683865e-15
HMA-KLS0633-2117719,-1.7505903593828531,0.5397628225840811,0.171513075191109,0.16391571052646992,1.608794368297406,-0.84485331331341,-1.8079370598391147,-2.6339076062465585,0.6313182320755397,-0.8928165237072687,0.2869666128552214,2.6088286288936713,-1.1006664763709129,2.1366363329408333,-0.34547602068580124,-1.9526026022174223,-1.9427814969980397,-2.3968475041473947,4.6295284271101025,0.26376063501242986,-0.0010546290222030671,-0.782870533459332,-0.6797121900080221,-0.9214413229692634,2.0257490170217776,-2.579163327849306,-1.8687412066785303,2.324720177409102,-2.3674365466020353,3.5755002045945523,1.16274306445232,-1.3275914557055992,-2.8222459047534727,3.886486781022116,0.10304976057814956,-2.3120718136647898,-1.1547646533332796,1.765483943345985,2.749875488802803,0.5185348680920586,1.8411383160996584,-0.5510313245139636,0.39215050609808555,0.20243247039471107,0.17077291703473602,-0.1216946997423406,-0.8525268464112961,-0.054863031462360726,2.1788126858268697e-15
HMA-KLS0647-2117698,-2.6041438074556598,-0.6902471727146233,0.02255980335787508,0.027593105860372058,-0.6948247613221904,-0.5168570320480133,1.436697842754784,-0.31948235205471304,-2.4631515529080232,-0.391644032698366,-1.5250317388028543,-3.212535282614496,-0.47371575494643947,-0.5494883405748737,0.8279000351656697,-3.419877950618697,4.339966847734644,0.4210246739541732,0.16414894958636836,-2.488442535127224,0.9886839152692888,1.8762098789701678,-3.53358727384778,-3.2318149007450376,-1.828696797355964,-3.969017799734992,0.8839183164283014,0.2876673446240787,0.6892264105277196,1.5289160928198267,-1.6679081125103026,-0.24229058342037296,-0.48427932638815396,0.4539143709055067,1.6953534694391457,-0.38308599273821253,-1.7819276197382685,-1.0929576744701395,0.12023495437122216,-0.42725092506748696,-1.0830017580799776,-0.8846868670222969,-1.810970976144652,-0.16535960071999747,-1.0024962435407747,-1.118330452423306,4.115938443644552,-0.04624510630602097,3.58046925441613e-15
HMA-KLS0652-2117715,-1.4915738830457248,-1.1274224038804757,1.388364522247326,0.1508420321496551,0.4801340653569797,-3.778245635483206,-1.132213429809459,1.6542083876062268,2.9111299473915295,-1.9615817134605913,-1.5947182243308338,-1.5281305798289968,0.5717430548469014,1.368431349157067,-2.9741740866957986,-0.689545438278655,3.326032161976816,-2.444247926290848,-2.1817584706338984,0.8955055402218199,2.3446979087503235,-0.3071344801489029,0.8798172024888818,1.5303718811975584,-0.5754058364950255,0.9695824886512298,1.896275187855392,1.1015605468344758,1.823653722177195,4.061560390979668,-0.5746165488531009,-2.927295080605002,-1.6762027895475047,-1.4707811354865044,-1.8075198043671195,0.682321841823616,1.5812432743705722,0.9080649589164622,-2.62856820989743,-0.0679178832217111,1.3663493706908911,-2.9753230729444358,-1.169069970929228,-1.3813555864317704,0.7067829262535094,1.4036113947985605,-1.2249757804625572,-0.06811410329964189,4.107825191113079e-15
HMA-KLS0662-2117700,-1.8602986011800429,1.3826709438622777,-1.4219257672414882,-3.0577239916762515,-2.615329323361268,-0.5362826246026394,-1.4716494145324148,-0.7777701545418411,2.4680904411024156,-2.488495949729514,-1.032800256035585,-1.6636630491547193,-1.0931851012004818,-0.35835316402600875,0.48236296218012054,0.8350252105281105,-0.9613136478292864,0.4510847710495934,1.2373203474096701,-2.2106812771889532,1.9588298238755606,0.8713125341849826,-1.7453493014463042,3.3110443327388683,-1.6499440447760025,1.7994649021350662,3.942595627091173,1.0245672927430214,-0.5711742266850158,-2.92538860766019,2.4974619176330712,3.869851171200456,-2.570344103931946,0.0077680802610916935,0.5955444712701119,-1.3212627998458417,-2.36027068443264,1.1884167543412816,-0.33109429585222905,-1.3997533853191486,1.698929382847413,-0.22352283745836019,0.5660953813929086,0.9029541388583389,-1.0383224121852885,2.7459995161198276,0.8376391680864705,0.10382678170844786,7.66053886991358e-15
HMA-KLS0676-2117735,-0.6416628817486508,-0.13851538675775027,0.27803260896038484,-3.246619494155383,-1.1328768261641207,-2.8093734447634593,0.10033157979933041,0.6049547668693138,-3.324975496045574,-2.586395722582076,-4.887183472133042,0.9178481550083406,-2.419639627103187,-0.7961741145426641,-0.6887564385710387,-1.5305082330207433,-0.40198206796702896,-0.5200103685073881,1.5532371610287112,-1.4450863984129636,0.9730860094283046,-3.330658939546259,1.3604734201715554,0.27294881460980963,3.7782535793543084,-0.5629270825180921,1.5124642792111431,0.38440263684005194,0.6094801975614093,-0.4009806411397413,-1.34169693916885,0.5955279090428967,1.9045633985543469,-0.26826884051898736,-1.1993580038592533,1.0516411869455422,-2.345422875202048,-0.9393627157329439,-1.9442599997052723,1.8322212791167303,-0.8703214127144544,2.855813898021077,-1.8883780752348056,2.1907338799280502,-0.26718835571360633,-1.2893993464266371,-2.3703110121441187,-0.03655197093433549,-3.681083216022785e-15
HMA-KLS0762-2117712,-1.913259204552669,-0.0260084766498532,2.641375431460299,-3.041406002345022,-2.287672889800272,-1.01037790679159,-0.8773569193915063,2.3682889851992144,-0.05325869073169902,1.4422392514098834,2.7346294062500824,-3.1460451033336696,-0.9715322566540994,-1.2548564655549204,0.28167640001940036,1.0712070146834016,-1.707356054625985,4.902024338293799,3.3183460746656968,0.9165620773020621,-0.2439456054935045,-2.3323447398565893,3.9792336690644126,-1.5681093672108097,1.537715276274827,-0.5470970027636989,1.432125937116735,-1.5519533359783804,0.3929673343932349,-0.022002472159374425,-3.3855623167242492,0.6940960399039009,-0.5950155374694136,0.4022976544264291,0.2471649894811394,0.5797347693532191,2.1443419310078964,1.9172013062606124,1.1682707046747138,2.4302144033111874,1.7047951700059678,-1.9157651298423808,-0.22018252735954474,-0.28567351905830535,0.29140237900533955,0.6973519169097852,2.092759283004357,0.03406835212050874,4.163336342344337e-16
HMA-KLS0798-2117733,-2.038387649537917,-0.6062678814549199,-1.367918216849992,1.0142661375754276,0.37145829823297705,-0.7565150249502377,-0.3959923066169674,0.34390859926560285,0.822145282529228,-0.5635510730409825,1.2131147632129997,-0.2545153136894021,0.5212339772372728,-1.4242748093494269,-0.9262342209053638,1.143455481951256,0.344104464562969,0.8900387804184255,-1.032487132343702,-3.4760628147761494,1.7501594454304918,-0.43087993266223246,-0.39131379059559845,0.20761596094134951,-1.4711595972336524,-3.939476853788939,2.633431884306439,-1.8084246897722136,-2.15285323934788,-1.4814487377268477,-0.8848681783269128,-0.3627827248848557,0.061431541199939266,2.206233474266919,1.1677910535874299,0.7768466934995517,4.090517678045131,0.5324541623699941,0.9977258903918181,-2.9205431088843214,1.342172915370376,3.2633541754054076,-1.1742387189843948,-2.2561889383926483,0.6005570936946202,-1.4099938040524986,-3.0860885634430892,-0.02081476907362736,1.9416759866608402e-14
HMA-KLS0799-2117731,-2.534115059838666,-0.42097398811181497,-1.7617371532826895,-0.28466754847622355,1.197179256090232,3.1585714985915527,-0.7585482482685475,2.167274508716729,-1.310591162787369,1.6388599972574271,-0.7132223370650785,-2.9854248660825577,1.467723657270093,1.4017991107064458,-4.16487139200364,-0.5279286786328541,-2.527719599242153,1.5641185585778807,-1.212760173147537,3.3549460166935305,-4.319429666511344,1.3925173783391638,-2.422373373387216,2.1872325835507374,2.1813946565679943,-3.5336827396239965,1.4909406249764792,4.725064733556348,0.20436842265115734,-1.2415544746946543,-0.6157611604228919,-1.3844799899132145,0.16293248715614028,-0.9279834412543114,1.1996030547128917,-0.423267706554858,0.9338994439826449,0.13730021591599073,-1.2217478113149918,0.535975329288952,-0.09161070265307364,0.9915245234265967,0.6582110429978134,0.2703948002701204,-1.7740997176089903,1.0637643688935434,-0.4670963634254349,-0.04481948574193752,6.251943407420413e-15
HMA-KLS0801-2117727,-1.9369519316990051,2.3954071924546065,-0.2857264377521369,3.6315089370431664,1.08969081017122,0.6956824060203795,0.14014556094068698,-2.0385041855656545,-0.13740025302573955,1.093845481518064,-0.918657924023617,-1.2185051567302922,-2.334374197833836,-2.864727764501038,1.4130605498395616,-2.4061041816540736,-2.540186174177223,-1.0455856949690265,-0.5706215971151802,1.6736095143623733,1.2158136646313307,2.3391742799865267,1.8225377981565787,-1.7436494852609417,2.324766226959402,1.1613601710240526,3.9596810483301175,1.954450894166559,3.214987739047722,-0.6426174364706402,0.8008046006509442,0.0785136579806851,0.8645532683001576,-2.3467575853411087,0.8689610262193288,0.2551647365804534,-1.3039247976689854,1.678727328263339,2.195405606969337,-1.6220812307817352,-0.18261184124494984,-0.7338849034385843,1.133902631370942,-1.7411287462317953,3.038094038732222,-2.373140974010962,-0.5314069964274913,-0.05565908596094096,1.3281042932078435e-14
HMA-KLS0808-2117740,-0.9602629637054211,1.204015869610388,-3.822063333812549,2.655513405295011,1.0407874570515485,-0.8542222657647922,-3.4473490752467053,0.009778756304055627,-1.8163900189072315,-0.4431671975628197,0.4382166669366586,-0.3927761978075885,-1.9644211513407317,3.642708492800116,-0.19591034972223773,-3.2176083211608693,0.22679607266984286,1.618377121435684,-2.572641812991243,1.3068519761989204,-2.734667345246874,2.57017032592913,2.3242390377871747,-0.033795740797802065,-0.1730993965481433,-1.834797425799156,-1.5473193474813498,-4.133628968699351,2.170039576554165,-0.050903604695993976,1.7008730729100456,4.050620882517651,-1.1579875829228667,1.060299939537951,-1.8628850685738338,0.6952106444678421,-0.06802357859169816,-1.9636383359445349,-0.687500882231344,0.2804016398845278,2.7199058449281326,-0.2561435042786078,-1.0001395293467616,0.8094483023279271,0.8189810078303925,0.1102960291049407,-0.43178350835639023,-0.04213425058407079,2.22218077272629e-15
HMA-KLS0813-2117730,0.28388880208275136,-1.793567711503962,3.64479988490622,7.014701441681904,-0.4658103610869053,3.6955515820110865,0.0271682496141398,-2.060546570138684,-1.929923039524013,-1.942524371857469,-1.4193900840067375,0.8881682695258606,1.402541062024458,3.028546233581403,2.2632517909060237,3.7124639236257915,0.6229099454339149,-0.44037150664267977,0.41887645271302376,-0.05161912654014944,-1.7089232991440086,-2.960437317602385,-0.6114627878892641,0.21588069003750893,-2.330248574032112,0.9400795705164591,3.5287709765872584,2.346073448834362,1.1317826122935277,1.2256462015910938,0.18690806019190834,2.254256868798694,-0.573536280237347,1.2810693294559805,-0.5963557753749227,2.165680300550516,1.6001156919704518,0.5153879607533519,0.4437131158703631,2.0442684027110967,-0.09352719781023686,0.5321968652360408,-0.9809273871194306,1.3146876440206605,0.29976204816791024,-0.5013729189461786,0.7857024655724281,0.020283983915478625,3.3861802251067274e-15
HMA-KLS0898-2117745,-1.694865534509212,-2.6774216305094978,0.40300840975636887,5.595929748787339,1.042624814762704,-0.19309519954484367,3.353379733820643,0.06914954729140449,3.246995432988821,-4.8641136515554635,1.1834420102696002,-0.746612388390353,-1.50639407535687,1.5996503702979206,-1.7428304431927057,1.4496533065132877,-2.7665878226895035,0.2818139538708432,2.445395554383661,-0.8795039113693867,1.6538923215336867,0.8552078124364251,0.15337345053999935,-2.2054997969690637,0.6148479732416696,-0.869759236899768,-2.9427822679374684,-1.983657258850335,1.7199266444266552,-0.8608201716275621,-0.8345859561711725,-0.48206047868890234,0.5027439896801267,-2.546980316177042,0.015987833101633153,1.3097531831453901,-1.7295717198267988,1.2104887583492612,-1.293525869437101,-0.053628021938531736,0.6287935973921633,1.56907754533321,1.6826155118509136,-1.1671423386139221,-3.2756450801854924,0.7627318446522467,0.2737732380239003,-0.0016877158519652824,1.6930901125533637e-15
HMA-KLS0913-2117749,-3.748991374471885,-1.2357588206661363,-0.0873672615842373,1.5903531102319188,2.4990371021685114,-1.2688216074259755,-2.3173357848391136,3.752547362483003,-0.4858975052491522,2.1785807718529737,3.19786586102464,-0.35195924923925637,-4.503072074830403,1.9785432303082306,2.3395418204349845,0.6508610851738825,-0.8054339572325603,1.0063781133922731,1.3232047773006124,-1.3898105277215929,-2.4998249679373945,-2.040021955653445,-2.8319684446318485,0.23423303834708586,-1.6493238181637253,2.113312649998951,1.671601990518971,-0.5100539523838288,-3.0847809096940235,-0.3351726863457305,-0.1316399225365615,-1.4957461779180936,-0.7077604644200136,-1.9495287379034085,-2.510880246025421,-1.5406944728732148,-2.1827333888766756,-2.0471510497194036,-0.8669847826897884,0.6023818989312426,-1.851899585914619,-0.2843868663934698,-0.03801454950693404,-2.5779461729435145,0.7528826138215823,-0.937655018102861,-0.7522957713969285,0.005326314534268517,-5.190292640122607e-15
HMA-KLS0933-2117744,-0.4692511870006684,-0.6261088470882262,-0.26554124774355803,0.15493867805835002,-2.1224191831823918,-1.298017847832739,-3.3141726136101015,-2.7064725997627104,-1.7399361074976647,1.7125444783006805,1.9509933603635903,4.513180765310686,2.6091076084033586,1.8526895882611714,1.2517592852434951,-0.6542104463785681,1.0293539717398914,4.1892272337184755,-1.74444574429184,-0.5982336084590452,1.5731590801258206,-1.9520040356301125,0.6810314538897946,1.9546216256019497,1.0419102633420636,-0.8983449121273928,-1.1819955101973902,1.1037808543863155,-0.7118126401024949,-1.00630446370538,2.917721251209062,-2.8152562746756407,0.6907160543260659,-2.9939960416178573,1.732920834064248,3.1734147939575794,-2.291464159237097,1.4668208949974424,0.4295025488126452,-0.4517258161324173,1.1543206729475517,-0.44420498311732093,-1.7608379443091506,-1.1054727054297901,-1.0703634162630824,-0.3246762958527975,1.0545998346884744,0.016133803605797414,2.456368441983159e-15
HMA-KLS1016-2117701,-1.7911312768373702,-1.6804223610937679,0.42389809241092224,2.0909292347708286,1.525784195644149,-1.4877829767675443,-1.9545712422278028,-1.0985207722592034,-1.7532087469448174,-2.4550435273710978,-0.06682428385093303,0.5731152721993071,-0.992562162722714,-3.476093248124799,2.202958816808266,-0.03370671018342009,-0.5787344632530674,1.2023886660931964,-1.292662511326425,-2.4033144280978713,-0.3223092086726132,0.43333599587510474,3.4638291926601927,3.49190675509195,-2.495928772201325,-2.3820098357833963,-1.1283455011597494,-0.24509748714672533,0.21451049462133173,0.3308192344533537,0.32919112779446746,-2.2026629658974066,-0.6913388570017384,-1.3659508208567297,1.6427086668409752,-3.2973952761525687,1.7063013903073228,0.2345462442825213,-1.0662415968885806,1.0104512850106215,-2.2321728300237367,-1.0068543218478438,3.191123432921509,3.4380792345091233,0.21129524513066056,-0.4647093860251039,0.07199390543638662,-0.0009777622723946833,3.802513859341161e-15
HMA-KLS1017-2117720,-0.5924970005868474,-0.26455836850712267,0.2603707468562047,-3.262812541206218,0.3175108850270443,1.2710381831119149,-2.256760931063583,-2.7478026316030526,-1.0005464006253166,0.5254151366672385,-1.7550395692635772,2.7550976147372346,-0.6273946754919388,4.547227964212095,3.6966465845849945,-1.454290247779693,-0.7086514766167056,-1.0079015965860407,1.9878720903080676,1.2322204045550904,1.030006398545913,1.4896138510024444,-2.18122399838113,0.9949400848308235,-0.28987129973308606,1.0289431894389474,-0.25410792509244384,-1.3123074418211937,0.26727781135274603,0.9673532851427925,-3.7300865004234987,1.4314009229739213,4.16037056396157,-2.042158511146632,0.27984514232321345,-1.9946074274044034,3.4107678450139147,1.6681853087173377,-1.7803281703147997,-1.8704259637980019,0.6940551599948023,0.07322069594875354,0.8465073768810668,-0.7148879198997088,-0.5244812264738721,-0.05830484540875028,0.565069485400297,0.04090637211305523,5.9674487573602164e-15
HMA-KLS1020-2117696,-0.25503752297762394,1.0129620884837327,1.28502131126893,0.2851306286475304,1.1095334928302747,1.6518595863665029,1.5151795480609709,-1.9601438352341396,-1.527125554457119,4.623685193138441,3.193954327764632,-3.42169501255238,-0.8255521579661869,0.2535766243685426,0.24720813292483285,-1.2040644160994851,-0.15954092189841476,-0.3582839360377701,-1.3126733382401894,-2.3421655126452756,4.226863534685279,1.0815729263187726,1.3952378307356699,-1.6523109768383595,-0.5541710513346881,2.399257246804956,-0.7137241059252423,2.0652137095707115,0.05283583110251526,1.1354455855930352,3.0172600348150103,-0.39142900366461914,1.8155358190163782,0.2911836524181839,-0.0948528428786855,-2.577500336046586,1.3177335523574198,-0.6109586625310411,-1.5294953088096506,3.3140406626856533,1.8350706582541956,2.7709909572933,-1.260337653937877,0.32949009388324024,-1.1913418074237152,1.3357296424894751,-0.5892995418135475,-0.013021877083999683,1.3877787807814457e-17
HMA-KLS1379-3593334,-2.4362799162770785,-0.41824010195677047,-0.15045465425818066,3.7079412121472872,-1.5785622424095949,-0.7056595076607858,0.6058528446103169,-1.212550772864669,0.8591237781917671,0.7170212212439302,1.7167013528656399,2.7377529202282798,0.22084218535757383,-3.8200009112072033,-0.3089618011703026,-0.05084526060973858,1.3060116630145058,3.381386873420413,1.9626386589036762,2.282117924716219,1.485125166883286,4.167206785317101,-1.9139829612605226,-0.6000123017935892,0.834448064616631,1.5060219100957022,-1.7729655326283151,2.20742431023122,-2.2390892775383424,-0.9781268453550671,-2.8856977576816076,0.4055502561895442,-1.1680829973693916,-0.26090657072130163,-2.941710297331159,0.353014884420644,0.6751386851232763,-0.0728399411706826,-1.182315177178008,-1.2885528629127505,-0.5853860883000412,0.1889534088173716,-2.592875452230038,3.139397489198324,1.6835450923684314,1.1379322736788318,-0.747398500245843,0.015249012289234531,1.124100812432971e-15
HMA-KLS1416-3593319,-0.2974738028240883,1.4878800793455362,1.16857478341486,0.48382218885297695,1.4161517669244232,3.0116745094899247,-0.8168080690510818,3.0596117809726104,-0.4643648775349191,1.7609878291293146,-0.7049696254428197,3.8559036321827507,1.705847363666267,-4.475561744228503,-1.3478389901064756,-1.0353964162792475,-3.5684688304194068,-1.3706056365964083,1.1896064932029946,-3.1832594192884254,1.1673590911496734,0.8755147711938207,-1.9969013657093424,3.9909451571221113,0.4488459029246099,0.9593065283051863,-1.6608896151923875,-1.1124309036938675,2.38335794974593,2.4929466586848426,-1.4893981269992078,1.809555114673936,-1.8865962994987322,-0.4532446661353178,1.6009392297174194,1.5859995611152145,0.3337776012705243,-2.7201889127484424,0.10126315045118373,1.7507977337223835,0.7516814304876708,-0.2596620430020699,-0.7799428955633916,-2.05172048291101,0.034724593671664375,0.0023829306961346865,0.7862233957115823,0.08404843790611441,-1.4762496780562628e-15
HMA-KLS1421-3593374,-1.9728238915685168,-1.2413315632996218,-1.1347093004671316,-2.8593783424470782,-3.9102160654105433,-0.639618701450175,0.3784227612109636,-0.704256124999155,3.2452726488172767,-0.2152240765915106,-1.292419509736589,0.565712953012043,-0.7990149327649603,-2.0639293693003147,0.877469678079315,1.96675027802262,0.1666591586346827,3.2707593227097345,2.166779371895459,1.7564907990442045,-3.4178638362011458,-0.0672107899007868,-0.808587581958141,-1.056405110165421,-3.3044966240633764,1.021180552147313,-1.1216824939730008,0.6124366376088659,5.045329303588656,2.9029101431177575,2.6493179747580777,-1.1856877280103804,1.4657797673278843,-0.1205859096830382,0.43072571281955746,-1.4558362035381476,0.4373047398861025,-2.0833675952396478,1.8614545184981663,-0.9093736380274807,0.06063794532153935,0.8905823033034895,-1.395498295549769,-0.2779434395901477,-1.2714370253930836,-0.674092978173027,-1.979138766417293,-0.022734973798073238,2.3592239273284576e-16
HMA-KLS1514-3593378,-0.21563701941200275,-0.06208882368886007,-3.552217715242593,1.0210650985772605,-1.9696223316468797,1.8472740313822382,-0.7954203928252436,-1.1095326560105558,3.2253969191571734,0.5769324117818597,3.1415089419497946,1.548941424944237,-0.6838223834653642,-0.033548002679519934,-2.818802946034496,-3.2007457944482556,0.7375204118617404,-4.483858913636344,2.2456387877516053,1.3781094758870156,-1.847741274747922,-1.3181357339923239,4.440275019306655,0.8441180305292091,-3.451817602492068,0.7589951158440261,1.7249706758036751,-0.03815731067821321,-1.1834664591914734,-0.733678824299798,-2.219639486847016,-1.2646050543211753,2.3353838388280703,0.8208860155471088,2.5223465821852367,0.9235318192015224,-1.4742427981934896,-1.5344460900538475,-0.5740943517929485,-0.23911575643709163,-0.8104440529615017,1.1676431900729654,-1.0906719479120426,0.590045551033185,0.6143462995108075,1.3472911887609644,1.4671646752286143,-0.014614856199925943,3.8614944575243726e-15
HMA-KLS1522-3593369,-1.3440939174631987,-1.4253016024305434,-3.451360177569291,-1.6428555342423363,0.42250731558299626,1.3721920962737482,-0.18753769230768733,-0.8047536826590206,-0.8517674252173255,0.9919901185316136,-1.197117184022567,0.5654323610327769,4.580847013954095,-0.516811216678544,-3.5311214909180695,1.3182185373656823,-1.0815170089224158,-0.9500402814429455,1.1031511119477488,-2.9583987177691307,-1.5447361262713497,-1.0926577792184866,-2.2227434261606582,-2.5870628419215613,-1.8163127711089295,0.2578142216598309,-0.6331430325455125,-2.223478966479974,2.014287722124347,-2.402506212129751,0.8709788593277139,-2.00130559923465,0.7270263846629462,-0.4370372708973861,-2.4142708560805914,-1.4366185441625463,-0.9026288660054561,3.0550955782009015,-1.328901264412027,1.4086280975310554,1.4868968587667606,-0.23966884963062712,0.30835565774705487,0.8898106609330982,3.978635720408796,-0.5569802952649198,0.9538992687456679,0.013546078365095596,8.837331907929347e-16
HMA-KLS1538-3593349,-1.6106429519388346,-0.660302503121469,-1.3563396421786884,1.5380935944984926,-1.4028141277495139,1.9430104716861551,0.8052398256135839,1.6263671683494163,-4.097656075519691,0.8974918013430043,-3.2932544703756275,0.8994626049440304,-0.12072140431859003,-2.2779997556997174,1.6345845449588945,5.875719346062515,2.598410941636159,-1.151107078669169,-0.7099960611802789,1.9239706384811799,0.07135384176289572,1.612586639892375,1.7260737971387181,-0.8773015891598518,0.26861572336413164,-0.7042839948232945,-0.07516555051510553,-1.0679084980412104,-2.665386160123032,0.8207488361001333,-1.1148024874272633,-0.5467762638987727,1.7978610095891607,0.6255039054743019,1.7082072021973898,-1.3010725163096357,-3.1436596716684058,-0.953241643427925,-0.4010884918077977,0.04459832480894818,3.515071803922959,-1.4077994427170113,1.0988243304254508,-1.4860987160468893,0.04678843732968678,2.00791392204039,-1.3405747513553443,0.008820807830962802,1.6410484082740595e-15
HMA-KLS1553-3593325,-0.8292723467396534,3.742338445726393,-3.4865506979170013,-0.09553506985815388,-0.5245970065055391,-2.0019695835347244,-0.7145679805923473,0.46149328465190653,-1.1197306026959566,0.8929684406624367,2.254939604383134,2.3203094971789398,-1.008700941586977,-2.639124293429623,0.5243618835788811,3.0319390858300763,1.0318819953882243,-2.7231277388665798,-1.0792235819076277,2.304194867492934,-0.11734467495347961,1.4583531680271944,-0.1799048707797427,1.2184979778153469,1.0502378251593107,0.5109755194342068,1.3110947770963393,-1.1441171225987634,1.7249393383663252,-0.3769692885243187,0.6776788076021196,-0.9865089681383165,-0.18708616730158384,3.583055326992044,-2.7324321389599975,0.09291647405837952,0.5184341159890451,2.9604803951656873,-1.3925880104627146,0.9025899794078102,-1.6442188078354198,0.6763119122565672,0.07027451843535631,-0.9227548242083348,-3.873094511054568,-2.1906812260473787,2.172417045348765,0.02221705258863945,1.8943180357666733e-15
HMA-KLS1554-3593316,-0.7733126223681615,0.8326229078954596,1.2442216974014733,2.687812771483875,-3.9434419245449353,2.1595146717164964,1.5358957340881383,3.6324633603359624,0.7420536368752839,-0.12609335596806048,-1.4868857989102036,-2.1897685234165216,-0.7588134253060432,-2.4775384388013424,3.9292038809024703,-4.863761215583997,0.6071366772099279,-2.2833155038821076,-2.212940851713119,0.9355145230017146,-0.9544555582269699,-4.336112283366823,-1.622672650488071,1.8520200628908872,-0.20400107624728298,-0.44005663970219205,-3.846623021615316,-0.38542073861457204,-0.13663689216244823,-2.069030550656355,0.36446699021620055,-0.31159107961562205,1.0952161074399676,0.4079085556201614,-1.812272537015374,-0.545850667726687,0.5936605655368997,2.7610035688392394,1.6306693416312148,-0.4584707322415705,0.63900433053431,-0.1588844573144103,-0.6889683268130632,-0.3298711356418798,-0.2408637511789424,1.6430314502801098,-0.44031368903005563,-0.03552445958537888,1.6237011735142914e-15
HMA-KLS1692-4013432,3.843955960520205,-2.7153097449033723,-1.680125170322844,-0.7052085425385265,-0.2833441775126051,0.8841327285617931,1.7148848447379879,-1.7925745842520904,-1.7811740049250426,2.076416115922835,-0.5329554386667821,0.9382386863979557,-2.2597150090902787,-1.511650007597579,-0.17710220739185292,-1.7385252087380245,-1.8009014457879686,-1.4486374667391368,0.06618917774578859,-1.6292179514328065,-1.487934576820289,-1.7330982996797406,-0.4409815140196627,-3.509147864647238,-0.09794881717474775,2.0348405581020117,0.5481432262677282,0.523076325864247,-0.7742808049403698,-2.1163638223950407,0.5157291506925562,-0.9184962626382636,-2.0882976858582656,0.2690283554778553,0.6032087504393826,2.185428112466728,2.389875605053882,-1.5107377457755655,-1.8446784585448528,-1.9555532692724535,1.874577721985124,-4.244593016271687,0.8081234626221147,1.4878496193630972,-3.0816967202392522,-1.0957698654210135,-1.2725508155993768,-0.08888067428977857,-1.7486012637846216e-15
HMA-KLS1694-4013434,3.2578498646314213,-1.5718175397301368,-1.4471718216410154,0.5695778289550417,-1.5883825845568997,1.3707061111481758,-1.4622547789070248,3.4433174734131717,0.9350061779850871,1.2302506116981515,-0.03262873526774196,0.4064320755066767,0.30031384048981885,1.86478057897033,-2.4408331592154107,1.286526121541207,1.5081461115571535,-0.8956067013324821,-0.7902704451532138,0.36211349399992665,1.0975222730100256,0.11496065391288154,1.0407039415648582,-1.591121599974746,-0.1692245129599705,0.8737041770332045,-1.8860474835137857,-0.006919350447660753,-0.5777502184187785,-0.4092994371312304,-0.3296943346311614,3.8201311455962688,-1.9714449838257717,-1.884286528998035,3.6317201437079087,-2.9701737818665332,-0.4020706354090508,3.215877940413892,0.2918745129007593,0.9032318784117578,-2.7908246563309005,-1.2140068772564094,-2.6043622752510007,0.20224360012895182,-0.7634151914413059,-2.5878411487779287,-2.062941873996884,-0.01911850283918015,-1.6653345369377348e-15
HMA-KLS1697-4013437,5.502760536418537,-1.343824408915502,-1.5270174037865663,0.738098509850075,-2.346248668541934,2.658427022535328,0.6809670378564874,0.537534006300999,0.2361889072789302,-1.5073800541774764,0.8837855183274542,1.012430306409759,0.9840417665515226,-1.4004428284937582,-0.1875762362673541,-1.0643690091564726,0.6916296077405344,1.599553806433227,1.5519728718400385,-2.087507882353033,-1.5379379391555767,-0.038086797455924803,0.7522920515915827,-1.2961462386204663,4.299127367440163,-1.2777694345602055,1.8542322527470243,-1.1019681417401412,-1.604699151343063,3.3883536105712917,4.160897502357282,1.4953858097540786,1.6561644583039572,0.12363455334359827,-1.0673202937831319,-0.6601227577957998,1.3036033520301815,0.1935576784880925,-2.2262143936353733,-1.3607560226134336,-3.3885600455026723,-0.6754242807380133,0.5952347668573514,-1.7690977971361372,0.9304672705312889,2.5387975415817254,0.6371611621307689,-0.023868013082660622,1.2073675392798577e-15
HMA-KLS1699-4013439,5.319521393976464,-2.1731571231798124,0.904324805704489,0.1339155022469244,-2.0683086889549744,-1.4272311982855022,-0.470752881525926,1.8672972014312323,0.979468497212882,-1.3005319920491463,1.2960124328303377,3.6448129946835923,-0.7354374338443865,0.6663642543193273,-1.623230249147158,-1.153757580029293,3.1168592711591416,-1.0816515622158598,-1.9498115817069983,-0.8698618182823812,-0.5377138782346317,2.1923739228484127,-2.116869608816126,-0.9463108259914047,2.2451037335722583,0.7865536804908901,2.9282347575639722,-1.0977604820298699,0.1095884782723993,-1.4480330845972542,-0.6324929459582393,-1.2131003315533473,0.560614095365967,-2.0541256201110523,-0.6561692592166075,-1.3928871152644606,1.300260046522863,-1.4763329147256985,5.016702613706317,2.884235959184992,1.4814313295306152,0.9583392555264981,1.9729366348416042,1.3016571705147257,-0.7108155751612064,0.7200447311486363,0.3362001208037273,0.008291298112086058,-4.191091917959966e-15
HMA-KLS1703-4013443,5.864131189466724,-2.8988524209446282,1.0382800444411064,-2.2979826704271975,-2.0152812267958087,-0.24339675935178856,1.3425592317649724,-2.4406395622791544,1.2828625674430725,-2.030972349236984,0.9196416778028822,-1.5959837953019127,-2.718196172087823,-0.3708077104812824,-1.3433803131608186,0.24005539461366984,-3.061274782247811,1.0044562075825292,-3.102882265855193,-0.884192078115391,-0.5500463790917669,3.2167285621048096,-1.1247352981875645,2.3709622023525894,-2.381244071268288,-0.686432820484914,-1.2181819288664009,1.4386927353864167,-2.4377194967491542,0.9801098466163334,-0.8592666590481814,0.9059277656795096,3.5901509509648326,2.1417289723274564,-1.138908452001056,2.1290539480146546,-1.5699363358565166,1.2298127868394293,0.30638365864637607,2.506245403882139,-0.0708863548300617,-2.2144528612903454,-0.11199903246043905,-1.1791939023278357,1.0923073569445354,-1.7946364903870256,-0.5877760767596181,0.014484140000977946,-1.1449174941446927e-15
HMA-KLS1705-4013445,4.550319663327825,-1.697855814939161,-0.8157039153485637,0.8735898899969716,-1.4718229405512,1.8801122224350582,-2.9084671468490457,4.9425951466304054,-0.22923683003441203,0.8189815516442224,0.5489330985043661,-0.9064683548750141,2.1178822994251525,3.2932667658250088,0.6270302802710359,0.5424322235617464,-2.032296958041883,1.4689287006927452,-0.18233461939637638,-0.6587748607806146,5.099326778010383,-0.18871252119170084,0.9146379351275821,0.030561375334302754,0.07583177549956509,0.28532330973575915,-0.16313598759956546,1.4309997367353984,2.844563494034638,-0.444972016302292,-1.314588007857598,-1.8002582041485198,1.1883892113766905,3.8526578796995485,-1.671080534771748,-0.5887707942649665,-1.7184220620329298,-2.150918694770172,0.7542212344018789,-3.081762139278739,-1.0303219996826654,-0.7290974286781573,1.540261870162352,1.513367076299215,0.07128856186137991,-0.47955598441972425,0.08611477621576272,0.00858021523966554,1.609823385706477e-15
HMA-KLS1711-4013451,3.7599533355117147,-0.6782377326124639,0.9589402411117388,-1.5461110074387077,-2.387274312027515,-0.28273096872502484,1.0469516466340834,0.7572710042877957,0.35059545655932667,0.17381364156008391,-0.2886276626007534,0.9744711106467241,-1.5283332544241492,-0.5115630271232878,-0.4453609934456195,0.14510350897304192,-1.5033845419338583,0.941778557223516,-4.583510649329451,1.583969857336914,-1.0646216457759061,-1.9076973512427902,0.2210038375940278,-1.4672515494490836,-0.4014467963062536,1.4936486017243504,-0.8605586754883604,0.7614987541419065,-1.4600239907730195,3.4081211358129915,-1.1251733989284398,0.2644995163218116,-3.538437213779095,-0.6953740867187036,0.4900823110893854,-0.5342008939921163,-0.7010781178746008,0.5039822489379677,-1.8486549016934606,-2.27978866398407,1.8776280412795459,4.5251265822285704,2.0559070522605563,0.24532615927178675,1.5444079828399915,-1.3821379994125997,2.6411330351633393,0.02720871753289067,-1.7694179454963432e-15
HMA-R154981-2117752,6.883686921843214,8.028216060227392,2.777058182432531,1.1688870170996797,1.1711781907955707,-0.6476544960623194,1.1201038343761294,-0.16795492157112335,0.5032111577976001,0.8305531397605326,-1.297826485273469,0.21553641051088368,-0.6904787692076675,0.7378822327237293,-1.3491723415209746,0.24817824157247365,0.8691835020881686,1.3497766176107715,1.2835843593603251,-0.0565352539427431,-0.708567743874721,-0.43348874144017724,-0.09409435111249251,-0.10961461475084544,-1.4383884831343332,-1.3254046196124054,-0.05296208287008425,-0.2512808321312473,-0.031720717361119755,-0.7429182780740058,-0.08520194031253567,-0.9760483845870355,0.2256267634243518,-0.4821060359762395,-0.006071104478462874,-0.4705784547532906,-0.24109182185239444,-0.10458082705449336,-0.5442222397806055,-0.42247953001166944,0.08088774884110028,-0.4484387341208831,0.008160177844585614,0.11050279821962389,-0.00524496590404229,0.046013427268385636,-0.4905256375861939,2.596440454518272,-1.5595164049031496e-15
HMA-SS170809_02-2117728,-1.8952114752991889,0.8227213510976026,1.1012025965899856,-0.33668590009988547,-0.9105040571125498,-0.1321146201257811,-0.8715596125916985,2.730073062203921,0.13983996283889288,1.3176978916691109,-4.287994359443572,-3.639616769608403,1.8601637752808198,1.893126319946966,0.9940242388323386,-0.025206201453886995,-0.39966587231039086,-1.1510738144970794,2.300352283667699,-2.098645207813764,-2.2236079932395296,4.980888004483685,2.042916852629105,0.6957395366204997,0.23917868245335394,3.3243813542241005,-0.8499396653439727,-1.8526854251605367,-3.435998526867424,1.283541036471341,1.8092082069839066,-2.4351265040489367,-0.4015512905174833,-0.4492119600661696,0.08587361776503039,3.2792613773210273,0.8208214105292807,1.1261348666984028,1.613425312210616,-0.7407095863211398,-0.7291917119581603,1.4443924431019464,-0.07521053462970556,1.564026970812456,-0.5703951312827257,-1.071162541141242,0.5317873283269081,0.02409782350339835,2.373101715136272e-15
HMA-SS170812_01-2117751,-3.996228491723586,0.26332682748199066,-1.0557605051254726,-1.6181747059802023,2.875210872961036,-2.394885349763139,7.515938931633976,4.568364878997692,-2.739924324043547,-2.2088098685860142,-0.7414587276835886,4.2713404605198075,2.032551046625359,1.787763711386463,-0.37953687067936265,-2.8371301348788704,-1.5941636999296955,2.101453851488503,-0.14062148382548775,3.0312603532073545,1.7672088634872047,0.1962414374395137,0.9580603350669267,-0.5341248387600449,-3.2332282501412015,1.2351056263327318,1.1000199503785169,0.5787855758859883,-1.391192324874568,-0.5641959480108345,2.245898914920354,0.8554541093759459,0.5960621704278012,1.0658256189606798,0.6925105671827286,0.0221491468627822,1.0047543701861532,0.1549654976655797,0.6858854801532428,0.6216739081719086,-0.7513033467411101,-0.6156486967707712,0.4776274705009015,-0.5060522542974055,0.4367862700642362,0.2336177784293818,0.3971837336008626,-0.008951035126012058,-1.3877787807814457e-16
HMA-SS170814_02-2117746,-3.028990054572155,-0.36527280748753077,-2.6385145273166866,2.1830115803498327,2.6487153387886666,-4.257125299687321,2.9994689478600844,-1.8112985135606872,6.898155526640385,5.114694407211914,-3.3393487897250957,0.4717864455868732,2.4318391133836736,0.9484856164453261,1.3403956124171958,1.117031029570795,-0.5890890491924163,1.0175493636127726,-3.032285096285005,-2.391597197753785,-1.366391986971276,-1.941884460204564,0.6584613127481083,0.5077212495410657,2.73583347378325,-0.009300864102046322,0.19107696002046062,0.2953496956625138,-0.7946096881603997,0.41774666164369195,-1.5758777510473676,1.9873529321818837,1.661326202459549,1.1143105829723006,0.033728439258917275,-1.1105708435657036,-0.4731468145929415,-1.0234634599412784,0.5553674882091513,0.22504372930206962,-0.3778358829445619,-0.9535422752084579,0.2062769803806142,0.7247241001656193,-0.6554011581863751,0.03052136116092219,1.0574319122803904,0.03620623378793025,3.885780586188048e-15
HMA-SS170818_01-2117748,-2.1123569510077846,-2.7937749941032117,10.451025505635313,-0.6986460744868028,-0.7998285279790704,-5.109524847649308,-1.3428424476672265,-0.22843576217382422,-1.9916655122526443,2.692245743261018,2.36825108417069,0.6145427352541692,2.817198179394592,-0.7890446542091503,-1.435907245530211,0.10538525259614037,-1.1919622804987804,-3.4935694276268348,-0.5000394719051744,0.45101821639229234,-2.2366863541404847,1.0632974853644996,0.19843970119128568,-1.2884861190568238,-0.6006131290907967,-1.1712391518825107,-0.19943262841231607,-0.41208477959849255,1.0617310764139274,-1.2562534018042084,0.9580914639353421,2.4516779974046212,0.9271122634213055,0.7516410108250987,0.028339357957716138,-0.15848902709417317,-1.2669062172746228,-0.11487340746728643,-0.4657860100439333,-2.200853740632743,-1.0686595738822287,0.177173274626922,0.5598375505776477,-0.14545082318136035,-0.328154809568591,1.1792053992666196,-0.6071171270447497,0.012282688462088659,-3.219646771412954e-15
HMA-SS170820_01-2117747,-1.4031044080078865,0.05623654631415298,1.2272273234996842,-2.9137032050580967,-2.8497230350905416,1.0527437599066523,3.454226742793381,-0.34213094149749934,1.5814699504977097,-0.38884336986931556,-0.0670336177524351,1.1851962189245968,-2.8177383041024875,3.4306270380535993,2.7579800323083012,3.6709544392971027,-1.2914192564323024,-3.1926051839812857,-0.7578573671844664,-0.18590596974641194,0.3909901487509286,1.70733456128534,1.1359858403429814,0.42618058779935075,2.272705322210776,-2.7208821212020706,-1.6702342212025592,0.7578969898732488,1.1944928507603487,-3.4918457613453993,1.212248558557824,-1.8923435507394388,-2.4419674099492346,-0.2604903904455075,0.5083954743767076,-0.15765776603478326,1.8392971504802784,-2.44502867759388,-0.7666661876770298,0.47211904373517916,-1.1228173162022395,-0.3635987737035949,-2.1910195110683217,-0.6931556939473451,2.7105919699269005,0.3460717568049324,1.380633097494475,0.02712862571830108,4.579669976578771e-16
HMA-SS171024_01-2117723,-1.2967404052097686,0.14342566475772872,-1.2508714355093802,0.5857496044387293,0.9811426917888482,-1.785404982577664,1.979995425847516,-2.0131266230497378,-4.673280380749624,-1.2357940489077097,1.1451533368875264,-2.048033884604472,-2.431761579484985,1.122839394450895,-4.612242530751008,1.5989203572148323,3.8474563801673307,0.6758399335335596,0.9318977016242362,-2.1207510645323016,-1.3612103863516598,-1.642828967807379,0.08959611865214344,3.1867029111240965,2.143197711115086,4.120989694489836,-3.4294274659760027,1.6538898586631094,1.3527723155711846,-0.7776839290801079,-0.6310692243704132,0.8213588701118663,0.7687540652028126,1.192671496039911,0.9809766375388541,-0.3718874834438724,1.1931440570681602,-0.2638970556340888,1.952526643657523,-2.3674723418740946,-0.4313683869479189,-0.17559266657318198,0.8803282595783746,-1.2273690875683076,1.144211897664619,0.19106990047054867,0.9933738462869592,-0.04594356953454862,-3.0531133177191805e-16
HMA-VU46-2117754,-3.0986569065998135,-0.09382285202611951,4.868339912236262,-4.317283022132577,7.076228655155001,6.970749769919307,-1.2926830954737132,0.10911842511342651,3.0918172634859347,-3.061713963943655,-0.0786953769255449,1.966631604908598,-0.48042610021688575,-1.2143738314430097,0.0018230307280195923,-0.42907998595313435,3.1828100436232334,1.6587092383422233,-2.4040231347968213,-1.0522971250821511,-1.4881032161222194,0.42403677559313735,2.4648398931126954,-1.2660324303095605,0.7880461768179353,1.1147749596922374,-0.31243239230105657,0.5003739208583295,-0.05594138317115391,-1.3799235837965322,-0.2769073906985878,-0.23010545244408565,0.192120691530581,1.126537264054049,-1.3951641292751673,-0.3063293242616303,-1.217111651252723,0.4409852418463763,0.2671259460852027,-1.0943895789884674,0.2078916245709881,-0.14426958116366195,-0.9077225308947979,-0.11471857214525125,-1.023552186580058,-0.4644847442672743,0.22023879527077667,-0.05812866563117172,1.5959455978986625e-15
HMA-VU55-2117702,-2.5165532648321984,0.9294629553351995,-0.7729426780685489,-2.834188360012476,0.3337138162280029,3.5921958375579255,4.515391165680546,-2.2675102777203016,-1.4927332755146758,2.633011189617516,3.0781875732833415,-1.1568115189358326,-0.23354056966098993,0.8837301702564546,-1.3598878073376266,1.6447665501069715,-0.15034334576165298,-1.4136822836661809,-0.8213757410564815,0.9194686888356169,1.773172808231004,-1.5691233949930026,-0.2493486133168404,2.164839611433973,-0.4364617705576669,-2.423723530591814,1.1061089550458683,-3.235282734519182,-0.18915017665332456,3.299961327058713,-0.360587469829156,0.6762468362418607,-0.9125964325819557,-3.0147639771478385,-2.5967277440096135,1.0996603791743293,-1.3138295122206658,0.15653889804865417,2.709217361564794,-1.6890319946300403,-1.2903480272703813,-0.6557995991696814,0.29785157379358856,2.7600070034445134,-0.629872985030279,0.17209484330553831,-1.2415795104228862,-0.03508511286424382,2.0816681711721685e-16
HMA-VU61-2117705,-2.7642961689668626,0.989670456009844,-0.4832655618199099,-1.8679063465305241,1.1122440732778591,0.15813615523171887,-1.1143592472891983,1.8990137699216374,2.828143822923958,1.8260318599212457,1.8380332552376533,-0.029487263109839096,-1.8731651739439215,0.1528586657349735,1.6227657864826568,0.34020943934890574,4.245624424801182,-0.09179174659534746,0.7505097165181585,0.8652404590365701,1.2109424402495614,-0.5955008937042212,-3.2002143670982353,-1.174879881467689,0.47145828742397244,-0.601520493095503,-1.3161305277862165,0.2790950302783558,1.1480503149799821,0.27717101203801536,1.292824569795235,1.160783118149908,0.6141574593681289,1.3682276556965418,3.093778921552151,4.4954223754817555,0.07503648240913538,0.6736259309211334,-1.6772987102968568,1.7296261387987286,-0.7440912123734442,0.3700512008682904,4.208768654466841,1.669476875020948,2.0328728245394814,0.20813191339036247,-1.5146240015754358,0.03498135112163331,1.6514567491299204e-15
HMA-WAM-R154978-2562207,4.806388182511999,-3.130137344403205,-1.412160221718401,-0.9881661557016953,3.3337939028866983,-0.7024170898191096,-0.8397728718615841,-3.6994588787736995,-1.6154447920962856,1.2428950509238825,-2.5245799764575874,-0.7572760698680585,-0.5556605726697611,-0.08159246972669111,1.501784068203643,-0.6020059477887609,-1.216858430829507,1.337359284067548,-1.5845115450573428,1.6214163177171592,0.351400311322479,0.2381254916050656,-0.7405946238861925,-0.8325355882856171,-0.7381946075217258,1.6197036689326487,0.2911327944468849,-2.6249699661425137,1.5019533209045535,-0.6759092939592127,-1.8992456350498168,-1.9352837976530994,-3.015014321177685,1.8592612615259312,1.3156359344156308,0.9555103184939124,-0.7252902387806299,1.3411685569173952,1.2898990721190815,1.018551272072654,-3.3944041819900526,1.4188105860598166,-0.7880099280725101,-1.4202911449445283,0.0592650021051819,4.298382068566633,-1.1329961687340013,0.07311315314284955,-9.71445146547012e-17
HMA-WAM-R154980-2562264,4.430009567416966,2.6608152492879715,-3.561353752086737,-1.9581313745324898,3.160944624784328,-2.654635792773517,0.8103191917502295,1.4049318421611605,-1.117304484228492,-4.455890320536012,5.3769603607988605,-2.153350778436434,4.631320422245824,-0.5603264193852361,5.397181828745748,1.0494981629687694,-0.8140139630582639,-2.201693912604605,-0.44543562835280237,-1.345020532382291,-2.7141458929205924,0.3269541214742097,-0.2601257344532873,-1.0036062940227495,0.9496460855150136,0.6632330098002904,-0.385546535993447,2.142582200639059,0.702413182385699,1.0694634207296876,-1.799958716604226,0.38980170383839785,0.17293230759896433,-1.3452654941190043,1.0603390388044756,0.5242252448503,-0.6751293610223982,-0.008086609440518505,0.20344975560666703,-0.4622201614954847,1.043969235782361,0.05301797619763676,-1.5648005115615526,0.836741155866695,0.21898221457197428,0.5165046509598907,-0.9817632309156143,-0.007877374886220784,-1.0519363158323358e-14
HMA-WAM-R154981-2562169,7.192287984437825,8.546680098388396,2.99528219848501,1.0323060662135726,0.8422689785272066,-0.7864132730695939,0.9865824392291299,-0.2282737052336162,0.7451331802964242,1.0496037157996714,-1.4073080805385658,0.46432633872596296,-0.39085042925359315,0.7919543213687188,-1.0324390200365563,0.677712616457555,0.590362796349356,1.6013858999191992,1.386268738359972,-0.2120296754650326,-0.5446036418904905,-0.24113090745693624,-0.30667211266647787,0.2026371424550924,-1.660862875844088,-1.105439693491251,-0.02537389776662259,-0.49502778378181805,-0.07597635297014518,-0.9413578437850985,-0.3116287959322339,-0.7795761854965378,0.07027394336405418,-0.44018301812324284,0.1163228359862013,-0.41127530670496854,-0.3598038611614939,-0.08584864166564933,-0.6158307502535824,-0.1548742036064262,-0.04473736771897849,-0.2349182489379147,0.21012845570316174,0.017884648649466872,0.0690919237633568,0.30275579516699536,-0.3116266352667182,-2.487013106909776,-6.196432256189155e-15
HMA-WAMR154978-2117736,7.876927308434394,-6.447191282593906,-0.07007652142194604,-0.4295584977437109,4.692204688163502,-0.831147350279449,0.9242589936324123,-0.2832231925112836,1.17981493107048,1.587628590549824,-0.8102569718805567,-2.5321653275744214,1.4085379502414168,-2.026995190820478,1.3362659326445012,-0.1257457010101557,2.6706780968896844,-0.6992162863370088,4.404904253686807,4.0721180650534015,1.3117923745905613,-0.5523868523678035,0.5194196141161547,3.289615773074714,0.093227316693519,-1.4609361435431782,-0.2523181635231859,-0.2930423165418372,-0.46664538940305944,-1.6400264347592766,2.060426333263477,0.975887577070895,-0.531832764792816,-0.9523477984925006,-1.0104652827816334,-0.2999270757735959,0.03496765312900463,-1.101103444569912,-0.23935276286319615,0.004462436282048177,1.63338196932457,0.9977975755107186,-0.16729224584142188,-0.6136560463205701,0.3259505446802325,-2.158554614065919,1.2161066341772784,-0.03453995848186117,-6.622480341889059e-14
